Keyword,Rank,Name,OriginalPrice,FinalPrice,RocketBadge,Arrival,FreeShipping,ReviewCount,Points,StockStatus,Link,ImgUrl
스카프,,4종1세트 여성 쁘띠 실크 스카프 70x70cm,"23,900원","14,800원",판매자배송,도착 보장,N,,740원,,https://www.coupang.com/vp/products/8373602077?itemId=24197091009&vendorItemId=91214724437&sourceType=srp_product_ads&clickEventId=851f5a40-bf87-11f0-81b4-c9dc6866f21c&korePlacement=15&koreSubPlacement=1&clickEventId=851f5a40-bf87-11f0-81b4-c9dc6866f21c&korePlacement=15&koreSubPlacement=1,
스카프,1,온더레드 여성 패션 사각스카프 2종 세트 스카프링 포함,"25,000원","8,700원",판매자배송,도착 보장,N,,435원,,https://www.coupang.com/vp/products/8095654161?itemId=22884735637&vendorItemId=86902551669&q=스카프&searchId=e560b5373076054&sourceType=search&itemsCount=36&searchRank=1&rank=1,
스카프,2,아펙토 여성용 봄가을 데일리 프리미 스카프 2종 세트,"6,900원","3,990원",로켓배송,도착 보장,Y,,200원,,https://www.coupang.com/vp/products/8844406635?itemId=25779070020&vendorItemId=92767020542&q=스카프&searchId=e560b5373076054&sourceType=search&itemsCount=36&searchRank=2&rank=2,
스카프,3,우아한클릭 여성 1+1 쁘띠 봄 미니 자석 스카프,"19,800원","7,800원",,도착 예정,Y,,390원,,https://www.coupang.com/vp/products/8591777966?itemId=24911780988&vendorItemId=91795327934&q=스카프&searchId=e560b5373076054&sourceType=search&itemsCount=36&searchRank=3&rank=3,
스카프,,베네피센트 사각 고급 스카프 2종 세트,"24,000원","9,800원",판매자배송,도착 보장,N,,490원,,https://www.coupang.com/vp/products/7827734880?itemId=21281218848&vendorItemId=88341319300&sourceType=srp_product_ads&clickEventId=851f5a40-bf87-11f0-874f-bb6231327af6&korePlacement=15&koreSubPlacement=5&clickEventId=851f5a40-bf87-11f0-874f-bb6231327af6&korePlacement=15&koreSubPlacement=5,
스카프,,허블리 여성 면 손수건 스카프 쁘띠 머플러,"15,000원","6,900원",판매자배송,도착 보장,N,,345원,,https://www.coupang.com/vp/products/9063210921?itemId=26610908427&vendorItemId=93584177113&sourceType=srp_product_ads&clickEventId=851f5a40-bf87-11f0-8b51-2e82413cba38&korePlacement=15&koreSubPlacement=6&clickEventId=851f5a40-bf87-11f0-8b51-2e82413cba38&korePlacement=15&koreSubPlacement=6,
스카프,4,바바 프리미엄 자석버클 쁘띠 사각 스카프,"19,900원","6,900원",판매자배송,도착 보장,N,,345원,,https://www.coupang.com/vp/products/8539533282?itemId=24722952747&vendorItemId=91733949629&pickType=COU_PICK&q=스카프&searchId=e560b5373076054&sourceType=search&itemsCount=36&searchRank=6&rank=6,
스카프,5,메리앤유 소프트 코튼 소재 칼라풀 무지 롱 스카프 국산,"25,000원","13,800원",판매자배송,도착 보장,N,,690원,,https://www.coupang.com/vp/products/8998212185?itemId=26366507688&vendorItemId=91601565788&q=스카프&searchId=e560b5373076054&sourceType=search&itemsCount=36&searchRank=7&rank=7,
스카프,,모나코 여성 실크 느낌 쁘띠 데일리 70x70 정사각 스카프 머플러 4종 세트 (4개 1세트),"30,000원","16,500원",판매자배송,도착 보장,Y,,825원,,https://www.coupang.com/vp/products/8617055848?itemId=24997668701&vendorItemId=91939754485&sourceType=srp_product_ads&clickEventId=851f5a40-bf87-11f0-a3b7-996a60389462&korePlacement=15&koreSubPlacement=9&clickEventId=851f5a40-bf87-11f0-a3b7-996a60389462&korePlacement=15&koreSubPlacement=9,
스카프,6,1+1 바바 프리미엄 레트로 고급 롱 스카프 머플러 2종세트,"26,900원","9,900원",,도착 예정,Y,,495원,,https://www.coupang.com/vp/products/8556554097?itemId=24778286748&vendorItemId=91786279329&q=스카프&searchId=e560b5373076054&sourceType=search&itemsCount=36&searchRank=9&rank=9,
스카프,,[3종 세트] 간절기 쁘띠 방도 스카프 데일리 쉬폰 70X70 정사각 미니 스카프 하객룩,"23,900원","13,800원",,도착 예정,Y,,690원,품절임박,https://www.coupang.com/vp/products/9105747675?itemId=26771349398&vendorItemId=93742078733&sourceType=srp_product_ads&clickEventId=851f5a40-bf87-11f0-9fce-7542385dd252&korePlacement=15&koreSubPlacement=11&clickEventId=851f5a40-bf87-11f0-9fce-7542385dd252&korePlacement=15&koreSubPlacement=11,
스카프,,워너비 투톤 스카프 간절기 겨울용,"24,900원","12,900원",판매자배송,도착 보장,N,,645원,,https://www.coupang.com/vp/products/8315275554?itemId=23997188181&vendorItemId=91018082366&sourceType=srp_product_ads&clickEventId=851f5a40-bf87-11f0-8803-c44ed873444b&korePlacement=15&koreSubPlacement=12&clickEventId=851f5a40-bf87-11f0-8803-c44ed873444b&korePlacement=15&koreSubPlacement=12,
스카프,7,국내산 부드러운 롱 스카프 아사 면,"16,800원","10,200원",판매자배송,도착 보장,N,,510원,,https://www.coupang.com/vp/products/8725779682?itemId=26820089265&vendorItemId=93790279120&q=스카프&searchId=e560b5373076054&sourceType=search&itemsCount=36&searchRank=12&rank=12,
스카프,8,70X70 여성 봄 가을 쁘띠 스카프 3세트,"19,800원","9,680원",,도착 예정,Y,,484원,품절임박,https://www.coupang.com/vp/products/8022208983?itemId=22417422148&vendorItemId=89462189470&q=스카프&searchId=e560b5373076054&sourceType=search&itemsCount=36&searchRank=13&rank=13,
스카프,9,메리앤유 소프트터치 웨이브 디테일 투톤 배색 스카프 국산,"25,000원","15,800원",판매자배송,도착 보장,N,,790원,,https://www.coupang.com/vp/products/9058052607?itemId=26591396572&vendorItemId=91548924576&q=스카프&searchId=e560b5373076054&sourceType=search&itemsCount=36&searchRank=14&rank=14,
스카프,10,마리앙 마름모 스카프 가을스카프 롱스카프 여성스카프 뜨왈 플라워 배색 간절기 스카프,"26,000원","23,800원",판매자배송,도착 보장,Y,,"1,190원",,https://www.coupang.com/vp/products/9103806387?itemId=26764478427&vendorItemId=93810578662&q=스카프&searchId=e560b5373076054&sourceType=search&itemsCount=36&searchRank=15&rank=15,
스카프,16,[4종세트] 허블리 여성 부드러운 자석버클 사각 쁘띠 스카프 머플러,"32,000원","12,800원",판매자배송,도착 보장,N,,640원,,https://www.coupang.com/vp/products/9150851620?itemId=26945480387&vendorItemId=93914888617&q=스카프&searchId=e560b5373076054&sourceType=search&itemsCount=36&searchRank=16&rank=16,
스카프,17,루나뷰링 여성 쁘띠 미니 목 자석 스카프 3종,,"9,500원",,도착 예정,Y,,475원,,https://www.coupang.com/vp/products/8576595171?itemId=24854469477&vendorItemId=92885434355&q=스카프&searchId=e560b5373076054&sourceType=search&itemsCount=36&searchRank=17&rank=17,
스카프,18,미디엄템포 부드럽고 네추럴한 사계절 무지 롱 스카프 피그먼트 브리즈 / 국내제작 면 레이온 소재로 부드럽고 피부에 편안 봄 가을 검정 블랙 스카프,,"18,800원",판매자배송,도착 보장,N,,940원,,https://www.coupang.com/vp/products/1272365658?itemId=2277322904&vendorItemId=79539493237&q=스카프&searchId=e560b5373076054&sourceType=search&itemsCount=36&searchRank=18&rank=18,
스카프,19,MGN공식 스카프 가을 여성스카프 쁘띠 5종세트,"20,000원","8,900원",판매자배송,도착 보장,N,,445원,,https://www.coupang.com/vp/products/9055027985?itemId=26579374094&vendorItemId=93552809074&q=스카프&searchId=e560b5373076054&sourceType=search&itemsCount=36&searchRank=19&rank=19,
스카프,,[국내산 순면 100%] 쁘담 스카프 손수건 쁘띠 등산 두건 5개세트,"32,900원","19,860원",판매자배송,도착 보장,Y,,993원,,https://www.coupang.com/vp/products/9115708504?itemId=26810836193&vendorItemId=93781173912&sourceType=srp_product_ads&clickEventId=851f5a40-bf87-11f0-913f-ad47b786a153&korePlacement=15&koreSubPlacement=21&clickEventId=851f5a40-bf87-11f0-913f-ad47b786a153&korePlacement=15&koreSubPlacement=21,
스카프,,"[TV홈쇼핑정품 인포벨]앙드레김 실크핏 전주링 원터치 스카프 자석 마그네틱 가을 부모님 파리 스카피 머플러, 오션 화이트+플라워 그린+홀스 브라운, 1세트",,"29,900원",,도착 예정,Y,,"1,495원",,https://www.coupang.com/vp/products/9136232463?itemId=26888956257&vendorItemId=93838551187&sourceType=srp_product_ads&clickEventId=851f8150-bf87-11f0-adcc-3302693c4217&korePlacement=15&koreSubPlacement=22&clickEventId=851f8150-bf87-11f0-adcc-3302693c4217&korePlacement=15&koreSubPlacement=22,
스카프,22,로튼 국내제작 삼각 무지 스카프 머플러 면 심플 우아함 봄 스카프 여성 남성,"13,700원","8,650원",판매자배송,도착 보장,N,,433원,,https://www.coupang.com/vp/products/8584811282?itemId=24886721972&vendorItemId=91893521261&q=스카프&searchId=e560b5373076054&sourceType=search&itemsCount=36&searchRank=22&rank=22,
스카프,23,1+1 에이엔이엠 고급 실크 여성 패션 사각스카프 4컬러,,"6,900원",,도착 예정,Y,,345원,,https://www.coupang.com/vp/products/8645821599?itemId=25093949160&vendorItemId=92097620741&q=스카프&searchId=e560b5373076054&sourceType=search&itemsCount=36&searchRank=23&rank=23,
스카프,24,2종세트 바바 프리미엄 자석버클 쁘띠 사각 스카프,"29,900원","8,800원",,도착 예정,Y,,440원,,https://www.coupang.com/vp/products/8540920480?itemId=24727854281&vendorItemId=91736880972&q=스카프&searchId=e560b5373076054&sourceType=search&itemsCount=36&searchRank=24&rank=24,
스카프,25,허블리 여성 부드러운 사각 스카프 머플러 4종세트,"30,000원","12,900원",판매자배송,도착 보장,N,,645원,,https://www.coupang.com/vp/products/9066483209?itemId=26624956505&vendorItemId=93603392173&q=스카프&searchId=e560b5373076054&sourceType=search&itemsCount=36&searchRank=25&rank=25,
스카프,26,모델엄마 프렌치무드 고급 아사면 마름모 뾰족스카프 (2colors),"25,900원","13,700원",판매자배송,도착 보장,N,,685원,,https://www.coupang.com/vp/products/9003349109?itemId=26384009530&vendorItemId=93360460623&q=스카프&searchId=e560b5373076054&sourceType=search&itemsCount=36&searchRank=26&rank=26,
스카프,27,아펙토 우아한 자석 버클 스카프 2종 세트,"7,900원","4,900원",로켓배송,도착 보장,Y,,245원,,https://www.coupang.com/vp/products/8837460296?itemId=25754169332&vendorItemId=92742417349&q=스카프&searchId=e560b5373076054&sourceType=search&itemsCount=36&searchRank=27&rank=27,
스카프,28,온더레드 러블리 레이어드 롱스카프,"32,000원","8,890원",판매자배송,도착 보장,N,,445원,,https://www.coupang.com/vp/products/8437333354?itemId=24403111462&vendorItemId=91418006264&q=스카프&searchId=e560b5373076054&sourceType=search&itemsCount=36&searchRank=28&rank=28,
스카프,29,엘르온 여성 고급 패션 사각스카프 2종세트 스카프링 포함,"25,000원","9,900원",판매자배송,도착 보장,N,,495원,,https://www.coupang.com/vp/products/8283240035?itemId=23882296111&vendorItemId=90905155235&q=스카프&searchId=e560b5373076054&sourceType=search&itemsCount=36&searchRank=29&rank=29,
스카프,30,소울린느 쁘띠사이즈 실크소재 스카프 (33종류),"19,900원","7,900원",판매자배송,도착 보장,N,,395원,,https://www.coupang.com/vp/products/7970137501?itemId=22070793759&vendorItemId=89118138736&q=스카프&searchId=e560b5373076054&sourceType=search&itemsCount=36&searchRank=30&rank=30,
스카프,31,HIURETME 여성 따뜻한 어깨 대형 숄 스카프,"13,800원","10,800원",판매자배송,도착 보장,N,,540원,,https://www.coupang.com/vp/products/9057727407?itemId=26590090251&vendorItemId=93563402915&q=스카프&searchId=e560b5373076054&sourceType=search&itemsCount=36&searchRank=31&rank=31,
스카프,32,쿠앤 여성 70cm 스카프 정사각 여성스카프 4종 세트,"40,000원","15,900원",판매자배송,도착 보장,N,,795원,,https://www.coupang.com/vp/products/7871856275?itemId=21506454980&vendorItemId=88579179945&q=스카프&searchId=e560b5373076054&sourceType=search&itemsCount=36&searchRank=32&rank=32,
스카프,33,어반유니크 여성 데일리 고급 스카프 4종 세트,"34,000원","16,900원",판매자배송,도착 보장,N,,845원,,https://www.coupang.com/vp/products/8309479717?itemId=23976277945&vendorItemId=90997549371&q=스카프&searchId=e560b5373076054&sourceType=search&itemsCount=36&searchRank=33&rank=33,
스카프,34,살림코드 쁘띠테일 진주자석 실크 스카프 1+1 미니스카프,,"15,890원",판매자배송,,N,,,품절,https://www.coupang.com/vp/products/9128956218?itemId=26859323419&vendorItemId=93829022504&q=스카프&searchId=e560b5373076054&sourceType=search&itemsCount=36&searchRank=34&rank=34,
스카프,,유리까 울100% 미니 트라이앵글 머플러 삼각 스카프 8색상,"38,900원","22,900원",판매자배송,도착 보장,Y,,"1,145원",,https://www.coupang.com/vp/products/9097543539?itemId=26741928994&vendorItemId=93774944753&sourceType=srp_product_ads&clickEventId=851f8150-bf87-11f0-b7cc-fe97d682a1e2&korePlacement=15&koreSubPlacement=37&clickEventId=851f8150-bf87-11f0-b7cc-fe97d682a1e2&korePlacement=15&koreSubPlacement=37,
키링,,"iiGEN 몬스터 인형 키링, 7cm, 랜덤발송, 24개","48,000원","30,000원",로켓배송,도착 보장,Y,,"1,500원",,https://www.coupang.com/vp/products/8151341930?itemId=23198251859&vendorItemId=90409827183&sourceType=srp_product_ads&clickEventId=9fa24f30-bf87-11f0-8fc2-a00cd764450e&korePlacement=15&koreSubPlacement=1&clickEventId=9fa24f30-bf87-11f0-8fc2-a00cd764450e&korePlacement=15&koreSubPlacement=1,
키링,1,"다은랜드 귀여운 곰돌이 키링 베어 열쇠고리 차키링 스트랩형 키홀더, 그린, 1개","16,800원","8,740원",판매자배송,도착 보장,N,,437원,,https://www.coupang.com/vp/products/9122187053?itemId=26833472203&vendorItemId=86546370201&q=키링&searchId=dde5ea3a539531&sourceType=search&itemsCount=36&searchRank=1&rank=1,
키링,2,"다다랜드 뚠빵한 카피바라 동물 인형 키링, 12cm, 오리튜브카피바라, 1개",,"2,950원",로켓배송,도착 보장,Y,,148원,,https://www.coupang.com/vp/products/7983834510?itemId=25010081005&vendorItemId=92015065357&pickType=COU_PICK&q=키링&searchId=dde5ea3a539531&sourceType=search&itemsCount=36&searchRank=2&rank=2,
키링,3,"프리미엄 자동차 키링 키홀더 스트랩 가방 키링, 블랙, 1개","17,500원","10,800원",,도착 예정,Y,,540원,,https://www.coupang.com/vp/products/8821314389?itemId=25707943798&vendorItemId=92696902425&q=키링&searchId=dde5ea3a539531&sourceType=search&itemsCount=36&searchRank=3&rank=3,
키링,,"공식정품 월레스와 그로밋 미니 키링 인형 - 12cm, 1개","15,000원","7,660원",판매자배송,도착 보장,N,,379원,,https://www.coupang.com/vp/products/8083045805?itemId=22799782546&vendorItemId=89834708873&sourceType=srp_product_ads&clickEventId=9fa24f30-bf87-11f0-be9a-dad119a2bc3f&korePlacement=15&koreSubPlacement=5&clickEventId=9fa24f30-bf87-11f0-be9a-dad119a2bc3f&korePlacement=15&koreSubPlacement=5,
키링,,"공식정품 숀더쉽 키링 인형 - 16cm, 혼합색상, 1개","12,000원","7,780원",판매자배송,도착 보장,N,,365원,,https://www.coupang.com/vp/products/7445270388?itemId=19369845367&vendorItemId=86482657936&sourceType=srp_product_ads&clickEventId=9fa24f30-bf87-11f0-83ea-f77c745557c9&korePlacement=15&koreSubPlacement=6&clickEventId=9fa24f30-bf87-11f0-83ea-f77c745557c9&korePlacement=15&koreSubPlacement=6,
키링,4,"랜덤 뽑기 순덕이 아크릴 키 링 35개(박스) 다이어리 핸드폰 가방 열쇠 고리 단체 선물, 1박스, 상세페이지 참조","35,000원","26,830원",판매자배송,도착 보장,Y,,"1,341원",,https://www.coupang.com/vp/products/8032831538?itemId=22685499512&vendorItemId=89509209721&q=키링&searchId=dde5ea3a539531&sourceType=search&itemsCount=36&searchRank=6&rank=6,
키링,5,"귀염뽀짝 디저트 랜덤 키링 24개(박스) 홀더 가방 열쇠 고리 친구 단체 선물, 1세트, 6종 랜덤 24개","36,000원","27,000원",판매자배송,도착 보장,Y,,"1,350원",,https://www.coupang.com/vp/products/8904728474?itemId=26006083072&vendorItemId=92988116601&q=키링&searchId=dde5ea3a539531&sourceType=search&itemsCount=36&searchRank=7&rank=7,
키링,,"루닌 누르면 소리나는 미니곰 키링 4종, 1세트, 화이트+핑크+블루+베이지","26,900원","11,900원",판매자배송,도착 보장,N,,595원,,https://www.coupang.com/vp/products/8541441212?itemId=24729764032&vendorItemId=91739482134&sourceType=srp_product_ads&clickEventId=9fa24f30-bf87-11f0-9010-b0af6151e416&korePlacement=15&koreSubPlacement=9&clickEventId=9fa24f30-bf87-11f0-9010-b0af6151e416&korePlacement=15&koreSubPlacement=9,
키링,6,"네가좋은 라부부 콜라 케이스 팝마트 라부부 인형 키링 호환 1개, 고급형 쉐이크 콜라 1개","33,000원","4,900원",판매자배송,도착 보장,Y,,245원,,https://www.coupang.com/vp/products/8950683133?itemId=26181588864&vendorItemId=93161120114&q=키링&searchId=dde5ea3a539531&sourceType=search&itemsCount=36&searchRank=9&rank=9,
키링,,"야채과일키링 양모펠트 열쇠고리 가방꾸미기템 가성비선물템 백참 키홀더, 체리, 1개","12,000원","8,900원",판매자배송,도착 보장,N,,445원,,https://www.coupang.com/vp/products/8723519632?itemId=25341216378&vendorItemId=90822911727&sourceType=srp_product_ads&clickEventId=9fa24f30-bf87-11f0-8c37-a6715bdc17a9&korePlacement=15&koreSubPlacement=11&clickEventId=9fa24f30-bf87-11f0-8c37-a6715bdc17a9&korePlacement=15&koreSubPlacement=11,
키링,,"애니버니 랜덤 아크릴 키 링 36개(박스) 홀더 핸드폰 가방 열쇠 고리 친구 단체 선물, 1세트","36,000원","25,380원",판매자배송,도착 보장,Y,,"1,269원",,https://www.coupang.com/vp/products/8522456825?itemId=24673933066&vendorItemId=91684133988&sourceType=srp_product_ads&clickEventId=9fa27640-bf87-11f0-be53-b3c2f54e7b3a&korePlacement=15&koreSubPlacement=12&clickEventId=9fa27640-bf87-11f0-be53-b3c2f54e7b3a&korePlacement=15&koreSubPlacement=12,
키링,7,"애니버니 랜덤 아크릴 키 링 36개(박스) 홀더 핸드폰 가방 열쇠 고리 친구 단체 선물, 1세트","36,000원","25,380원",판매자배송,도착 보장,Y,,"1,269원",,https://www.coupang.com/vp/products/8522456825?itemId=24673933066&vendorItemId=91684133988&q=키링&searchId=dde5ea3a539531&sourceType=search&itemsCount=36&searchRank=12&rank=12,
키링,8,"생활양식 1+1 자동차 명품 가죽 키링 브라운, 2개","13,000원","4,400원",,도착 예정,Y,,440원,,https://www.coupang.com/vp/products/1228382406?itemId=2220723945&vendorItemId=70218413472&q=키링&searchId=dde5ea3a539531&sourceType=search&itemsCount=36&searchRank=13&rank=13,
키링,9,버블리데이 소풍가는 갸우뚱 오리 키링,,"3,240원",로켓배송,도착 보장,Y,,162원,,https://www.coupang.com/vp/products/6869190251?itemId=16427144336&vendorItemId=90131748924&q=키링&searchId=dde5ea3a539531&sourceType=search&itemsCount=36&searchRank=14&rank=14,
키링,10,산리오 정품 키티실버키링 실버키티 키티 키링 10cm,,"9,900원",판매자배송,도착 보장,N,,495원,,https://www.coupang.com/vp/products/9014454153?itemId=26426739400&vendorItemId=93421041579&q=키링&searchId=dde5ea3a539531&sourceType=search&itemsCount=36&searchRank=15&rank=15,
키링,16,"iiGEN 몬스터 인형 키링, 7cm, 랜덤발송, 24개","48,000원","30,000원",로켓배송,도착 보장,Y,,"1,500원",,https://www.coupang.com/vp/products/8151341930?itemId=23198251859&vendorItemId=90409827183&q=키링&searchId=dde5ea3a539531&sourceType=search&itemsCount=36&searchRank=16&rank=16,
키링,17,"유령 인형 찾기 랜덤 키링 12개(박스) 홀더 핸드폰 가방 열쇠 고리 친구 단체 선물, 1세트, 랜덤12개","36,000원","28,800원",판매자배송,도착 보장,Y,,"1,440원",,https://www.coupang.com/vp/products/8642235542?itemId=25080856374&vendorItemId=92084758101&q=키링&searchId=dde5ea3a539531&sourceType=search&itemsCount=36&searchRank=17&rank=17,
키링,18,"씨엔드에치 드래곤길들이기 투슬리스 가방고리 봉제인형, 12cm, 혼합색상, 1개",,"7,730원",로켓배송,도착 보장,Y,,386원,,https://www.coupang.com/vp/products/4360453137?itemId=5127721085&vendorItemId=72437180571&q=키링&searchId=dde5ea3a539531&sourceType=search&itemsCount=36&searchRank=18&rank=18,
키링,19,귀여운 강아지 고리 인형 키링 가방 장식,"14,100원","4,510원",판매자배송,도착 보장,N,,225원,,https://www.coupang.com/vp/products/8351901905?itemId=24129684539&vendorItemId=91433554900&q=키링&searchId=dde5ea3a539531&sourceType=search&itemsCount=36&searchRank=19&rank=19,
키링,,"구스페리 미니 휴대폰 키링 고리, 실버, 2개","13,000원","1,950원",로켓배송,도착 보장,Y,,195원,,https://www.coupang.com/vp/products/8798850752?itemId=25618213170&vendorItemId=92608577867&sourceType=srp_product_ads&clickEventId=9fa27640-bf87-11f0-b8ee-22e096862ae6&korePlacement=15&koreSubPlacement=21&clickEventId=9fa27640-bf87-11f0-b8ee-22e096862ae6&korePlacement=15&koreSubPlacement=21,
키링,,"클로베 네잎클로버 키링 수능 선물 답례품 10set 30set, 딥그린+그린, 10세트","48,000원","3,980원",판매자배송,도착 보장,Y,,"1,990원",,https://www.coupang.com/vp/products/8448034397?itemId=24438924388&vendorItemId=91453015959&sourceType=srp_product_ads&clickEventId=9fa27640-bf87-11f0-8373-faea6ed9e693&korePlacement=15&koreSubPlacement=22&clickEventId=9fa27640-bf87-11f0-8373-faea6ed9e693&korePlacement=15&koreSubPlacement=22,
키링,22,"캐치티니핑 티니핑 페이스 봉제 키링, 8cm, 랜덤발송, 1개","7,500원","5,630원",로켓배송,도착 보장,Y,,281원,,https://www.coupang.com/vp/products/9015825078?itemId=26430974817&vendorItemId=93416587232&q=키링&searchId=dde5ea3a539531&sourceType=search&itemsCount=36&searchRank=22&rank=22,
키링,23,"핑구 보따리 스탠딩 인형 가방고리, 10cm, 블랙, 1개","8,000원","7,200원",로켓배송,도착 보장,Y,,360원,,https://www.coupang.com/vp/products/8659897074?itemId=25135386869&vendorItemId=93041854518&q=키링&searchId=dde5ea3a539531&sourceType=search&itemsCount=36&searchRank=23&rank=23,
키링,24,"생활양식 1+1 자동차 명품 가죽 키링 블랙, 2개","13,000원","4,900원",,도착 예정,Y,,490원,,https://www.coupang.com/vp/products/1228378654?itemId=2220717555&vendorItemId=70218407300&q=키링&searchId=dde5ea3a539531&sourceType=search&itemsCount=36&searchRank=24&rank=24,
키링,25,"리틀버니 랜덤 키링 18개(박스) 키홀더 다이어리 핸드폰 가방 열쇠 고리 친구 단체 선물, 1세트, 박스","36,000원","27,350원",판매자배송,도착 보장,Y,,"1,368원",,https://www.coupang.com/vp/products/8390294446?itemId=24252794744&vendorItemId=91269662510&q=키링&searchId=dde5ea3a539531&sourceType=search&itemsCount=36&searchRank=25&rank=25,
키링,26,"다다랜드 깜냥 고양이 인형 키링, 9cm, 블랙, 1개",,"2,500원",로켓배송,도착 보장,Y,,125원,,https://www.coupang.com/vp/products/8640180089?itemId=25073328454&vendorItemId=92077358567&q=키링&searchId=dde5ea3a539531&sourceType=search&itemsCount=36&searchRank=26&rank=26,
키링,27,"주문제작 주차번호판키링 열쇠고리 스마트키홀더 자동차키링 키홀더, 개별디자인, 도담체, 기본패키지","9,860원","7,020원",,도착 예정,Y,,351원,,https://www.coupang.com/vp/products/7298044393?itemId=18668397928&vendorItemId=85802807717&q=키링&searchId=dde5ea3a539531&sourceType=search&itemsCount=36&searchRank=27&rank=27,
키링,28,"냥냥 랜덤 아크릴 키링-60EA, 랜덤 발송, 1박스",,"42,000원",,도착 예정,Y,,"2,100원",,https://www.coupang.com/vp/products/7012719582?itemId=17144500687&vendorItemId=84317295817&q=키링&searchId=dde5ea3a539531&sourceType=search&itemsCount=36&searchRank=28&rank=28,
키링,29,(정품) 멜빵 그로밋 인형 키링,"17,500원","16,600원",판매자배송,도착 보장,N,,830원,,https://www.coupang.com/vp/products/8322537167?itemId=24023008160&vendorItemId=91043520475&q=키링&searchId=dde5ea3a539531&sourceType=search&itemsCount=36&searchRank=29&rank=29,
키링,30,"PKFARM 네잎클로버 행운키링 열쇠고리 키홀더, 단품, 2세트","14,670원","3,300원",판매자배송,도착 보장,N,,330원,,https://www.coupang.com/vp/products/8291595623?itemId=23913120076&vendorItemId=91355544536&q=키링&searchId=dde5ea3a539531&sourceType=search&itemsCount=36&searchRank=30&rank=30,
키링,31,[공식정품] 와사비베어 (브라운) 키링 8cm 브라운베어,,"10,800원",판매자배송,도착 보장,N,,540원,,https://www.coupang.com/vp/products/9125583507?itemId=26846331884&vendorItemId=93821797791&q=키링&searchId=dde5ea3a539531&sourceType=search&itemsCount=36&searchRank=31&rank=31,
키링,32,"도로시팬시 도너츠링 스퀴시 키링 6종 x 4p 세트, 1세트",,"21,000원",로켓배송,도착 보장,Y,,"1,050원",,https://www.coupang.com/vp/products/7056789311?itemId=17484727328&vendorItemId=84652158434&q=키링&searchId=dde5ea3a539531&sourceType=search&itemsCount=36&searchRank=32&rank=32,
키링,33,"키링 마스코트 봉제인형, 8.5cm, 티라노, 1개",,"6,220원",로켓배송,도착 보장,Y,,311원,,https://www.coupang.com/vp/products/7746589341?itemId=20855198572&vendorItemId=87922699495&q=키링&searchId=dde5ea3a539531&sourceType=search&itemsCount=36&searchRank=33&rank=33,
키링,34,"아이끌레 라이스 버섯 꼬치 인형 키링 3종 세트, 6cm, 주먹밥, 버섯꼬치, 베이비캣, 1세트",,"4,900원",로켓배송,,N,,,품절,https://www.coupang.com/vp/products/9023873186?itemId=26461076961&vendorItemId=93436380140&q=키링&searchId=dde5ea3a539531&sourceType=search&itemsCount=36&searchRank=34&rank=34,
키링,,"아이끌레 베베 오리 인형 키링 2종 세트, 13cm, 화이트, 옐로우, 1세트",,"4,900원",로켓배송,도착 보장,Y,,245원,,https://www.coupang.com/vp/products/8709829960?itemId=25294703691&vendorItemId=92290056591&sourceType=srp_product_ads&clickEventId=9fa27640-bf87-11f0-ae10-1915edee8551&korePlacement=15&koreSubPlacement=37&clickEventId=9fa27640-bf87-11f0-ae10-1915edee8551&korePlacement=15&koreSubPlacement=37,
장우산,,파밀로 남녀공용 파스텔 16K 튼튼한 자동 장우산,"22,300원","8,900원",로켓배송,도착 보장,Y,,445원,,https://www.coupang.com/vp/products/6568185625?itemId=14733408372&vendorItemId=81973965327&sourceType=srp_product_ads&clickEventId=af7388c0-bf87-11f0-ac18-e3ec3cf8031d&korePlacement=15&koreSubPlacement=1&clickEventId=af7388c0-bf87-11f0-ac18-e3ec3cf8031d&korePlacement=15&koreSubPlacement=1,
장우산,1,지브라 75사이즈 자외선 차단 대형 골프 장우산,"21,800원","10,900원",로켓배송,도착 보장,Y,,545원,,https://www.coupang.com/vp/products/1890351069?itemId=3211973019&vendorItemId=71199300491&pickType=COU_PICK&q=장우산&searchId=321d27a63215251&sourceType=search&itemsCount=36&searchRank=1&rank=1,
장우산,2,코멧 99% 자외선(UV) 차단 자동 골프 장우산,"22,850원","10,330원",로켓배송,도착 보장,Y,,475원,,https://www.coupang.com/vp/products/6451341040?itemId=14007293349&vendorItemId=81255919715&q=장우산&searchId=321d27a63215251&sourceType=search&itemsCount=36&searchRank=2&rank=2,
장우산,3,공유 소프트 16K 튼튼한 자동 대형 장우산,"17,800원","8,900원",로켓배송,도착 보장,Y,,445원,,https://www.coupang.com/vp/products/8643052739?itemId=25084542073&vendorItemId=92135795370&q=장우산&searchId=321d27a63215251&sourceType=search&itemsCount=36&searchRank=3&rank=3,
장우산,,크로커다일 의전 골프 튼튼한 대형 장우산,"259,000원","166,000원",,도착 예정,Y,,"8,300원",,https://www.coupang.com/vp/products/8773662891?itemId=25522385084&vendorItemId=92469249317&sourceType=srp_product_ads&clickEventId=af7388c0-bf87-11f0-8da7-695c09da9ce1&korePlacement=15&koreSubPlacement=5&clickEventId=af7388c0-bf87-11f0-8da7-695c09da9ce1&korePlacement=15&koreSubPlacement=5,
장우산,,미치코런던 모던 솔리드 자동 장우산,"19,800원","9,550원",로켓배송,도착 보장,Y,,478원,,https://www.coupang.com/vp/products/8750707137?itemId=205424726&vendorItemId=3487285461&sourceType=srp_product_ads&clickEventId=af7388c0-bf87-11f0-bb23-ad00867d33e1&korePlacement=15&koreSubPlacement=6&clickEventId=af7388c0-bf87-11f0-bb23-ad00867d33e1&korePlacement=15&koreSubPlacement=6,
장우산,4,WEEVE 프리미엄 고급 대형 장우산 24k,"30,900원","13,900원",로켓배송,도착 보장,Y,,695원,,https://www.coupang.com/vp/products/6572722541?itemId=14759918487&vendorItemId=82000206085&q=장우산&searchId=321d27a63215251&sourceType=search&itemsCount=36&searchRank=6&rank=6,
장우산,5,1+1 델리안 고급 튼튼한 방수 자동 장우산,"25,000원","10,000원",,도착 예정,Y,,500원,,https://www.coupang.com/vp/products/8131228269?itemId=25382055282&vendorItemId=92475562462&q=장우산&searchId=321d27a63215251&sourceType=search&itemsCount=36&searchRank=7&rank=7,
장우산,,카르페디엠 파스텔 16살대 곡자 장우산 062,"26,000원","10,900원",로켓배송,도착 보장,Y,,545원,,https://www.coupang.com/vp/products/7937576909?itemId=21852065163&vendorItemId=88900314583&sourceType=srp_product_ads&clickEventId=af7388c0-bf87-11f0-bdca-b1826e3e83ca&korePlacement=15&koreSubPlacement=9&clickEventId=af7388c0-bf87-11f0-bdca-b1826e3e83ca&korePlacement=15&koreSubPlacement=9,
장우산,6,미치코런던 60우드 장우산 046,"34,000원","13,600원",로켓배송,도착 보장,Y,,680원,,https://www.coupang.com/vp/products/6429693954?itemId=13870712862&vendorItemId=81120589922&q=장우산&searchId=321d27a63215251&sourceType=search&itemsCount=36&searchRank=9&rank=9,
장우산,,일상가 24K 강풍 태풍 바람에강한 튼튼한 고급형 자동 대형 장우산,"80,000원","21,850원",판매자배송,도착 보장,Y,,"1,093원",,https://www.coupang.com/vp/products/8582026511?itemId=24875934245&vendorItemId=91882776824&sourceType=srp_product_ads&clickEventId=af73afd0-bf87-11f0-8a0a-9da84047b7bb&korePlacement=15&koreSubPlacement=11&clickEventId=af73afd0-bf87-11f0-8a0a-9da84047b7bb&korePlacement=15&koreSubPlacement=11,
장우산,7,[1+1] 튼튼한 대형우산 자동고급우산 골프용우산,"20,000원","10,000원",,도착 예정,Y,,500원,,https://www.coupang.com/vp/products/8353000252?itemId=24133647022&vendorItemId=92411906126&q=장우산&searchId=321d27a63215251&sourceType=search&itemsCount=36&searchRank=11&rank=11,
장우산,8,로에드 1+1 튼튼한 대형 장우산 태풍 골프 우산 커버 포함,"35,300원","16,900원",,도착 예정,Y,,845원,,https://www.coupang.com/vp/products/7821547612?itemId=25043163625&vendorItemId=92047746274&q=장우산&searchId=321d27a63215251&sourceType=search&itemsCount=36&searchRank=12&rank=12,
장우산,9,남녀공용 심플베이직 자동 장우산,"24,900원","9,900원",로켓배송,도착 보장,Y,,495원,,https://www.coupang.com/vp/products/1379447438?itemId=2413555984&vendorItemId=70407964034&q=장우산&searchId=321d27a63215251&sourceType=search&itemsCount=36&searchRank=13&rank=13,
장우산,10,워니샵디자인 튼튼한자동장우산 대형 자동 장우산 블랙,"12,300원","3,000원",,도착 예정,Y,,490원,,https://www.coupang.com/vp/products/9162000680?itemId=26988850508&vendorItemId=93957611399&q=장우산&searchId=321d27a63215251&sourceType=search&itemsCount=36&searchRank=14&rank=14,
장우산,15,공유 파스텔 16K 튼튼한 자동 대형 장우산,"20,100원","9,900원",로켓배송,도착 보장,Y,,495원,,https://www.coupang.com/vp/products/7201094704?itemId=18202699954&vendorItemId=85351106998&q=장우산&searchId=321d27a63215251&sourceType=search&itemsCount=36&searchRank=15&rank=15,
장우산,16,파밀로 남녀공용 파스텔 16K 튼튼한 자동 장우산,"21,800원","8,900원",로켓배송,도착 보장,Y,,445원,,https://www.coupang.com/vp/products/6568185625?itemId=14733408365&vendorItemId=81973965183&q=장우산&searchId=321d27a63215251&sourceType=search&itemsCount=36&searchRank=16&rank=16,
장우산,17,1+1 프리미엄 150cm 초대형 우산 빅사이즈 골프우산,"48,900원","21,900원",,도착 예정,Y,,"1,095원",,https://www.coupang.com/vp/products/8204484468?itemId=23529488700&vendorItemId=90555801936&q=장우산&searchId=321d27a63215251&sourceType=search&itemsCount=36&searchRank=17&rank=17,
장우산,18,솔리드 장우산 NL2,,"6,140원",로켓배송,도착 보장,Y,,307원,,https://www.coupang.com/vp/products/8682015440?itemId=25203142620&vendorItemId=92219145863&q=장우산&searchId=321d27a63215251&sourceType=search&itemsCount=36&searchRank=18&rank=18,
장우산,19,장마 안전 여아 유치원 POE우산-블루 아동키즈 아동우산 어린이 60 남아 자외선차단 키즈 앞보이는 투명 어린이 반사,,"3,000원",,도착 예정,N,,705원,,https://www.coupang.com/vp/products/9168412559?itemId=27017022807&vendorItemId=93985648616&q=장우산&searchId=321d27a63215251&sourceType=search&itemsCount=36&searchRank=19&rank=19,
장우산,,드쇼퍼 튼튼한 파스텔 장우산 양산,"27,600원","12,700원",판매자배송,도착 보장,N,,635원,,https://www.coupang.com/vp/products/8151017195?itemId=23196848268&vendorItemId=90229477908&sourceType=srp_product_ads&clickEventId=af73afd0-bf87-11f0-9b7e-1cc69a1cfce7&korePlacement=15&koreSubPlacement=21&clickEventId=af73afd0-bf87-11f0-9b7e-1cc69a1cfce7&korePlacement=15&koreSubPlacement=21,
장우산,,카르페디엠 파스텔 16살대 곡자 장우산 062,"25,400원","10,900원",로켓배송,도착 보장,Y,,545원,,https://www.coupang.com/vp/products/7937576909?itemId=21852065162&vendorItemId=88900314568&sourceType=srp_product_ads&clickEventId=af73afd0-bf87-11f0-a3f5-6c8f9386a1b0&korePlacement=15&koreSubPlacement=22&clickEventId=af73afd0-bf87-11f0-a3f5-6c8f9386a1b0&korePlacement=15&koreSubPlacement=22,
장우산,22,코멧 베이직 자동 장우산,"11,990원","8,690원",로켓배송,도착 보장,Y,,435원,,https://www.coupang.com/vp/products/6304672048?itemId=13055147860&vendorItemId=80317852677&q=장우산&searchId=321d27a63215251&sourceType=search&itemsCount=36&searchRank=22&rank=22,
장우산,23,크로커다일 의전 골프 튼튼한 대형 장우산,"25,900원","14,900원",판매자배송,도착 보장,N,,745원,,https://www.coupang.com/vp/products/8773662891?itemId=25522385086&vendorItemId=92469249348&q=장우산&searchId=321d27a63215251&sourceType=search&itemsCount=36&searchRank=23&rank=23,
장우산,24,크로커다일 베이직 장우산 3개 세트,"44,700원","19,980원",판매자배송,도착 보장,Y,,999원,,https://www.coupang.com/vp/products/8868870366?itemId=25871333564&vendorItemId=92857481735&q=장우산&searchId=321d27a63215251&sourceType=search&itemsCount=36&searchRank=24&rank=24,
장우산,25,"온빛 프리미엄 24K 대형 튼튼한 강풍 장우산 Glass Fiber 우산대, 남색(네이비), 1개","19,000원","17,490원",판매자배송,도착 보장,N,,875원,,https://www.coupang.com/vp/products/8324663311?itemId=24030534980&vendorItemId=91050946629&q=장우산&searchId=321d27a63215251&sourceType=search&itemsCount=36&searchRank=25&rank=25,
장우산,26,장마 소나기 끄떡없는우산 안전 엄브렐라 판촉용 사은품용 ori+963ZT,,"11,140원",,도착 예정,Y,,557원,,https://www.coupang.com/vp/products/9163877478?itemId=26998121892&vendorItemId=93966843996&q=장우산&searchId=321d27a63215251&sourceType=search&itemsCount=36&searchRank=26&rank=26,
장우산,27,펠코스 장우산 튼튼한 대형 150,"50,000원","19,800원",,도착 예정,Y,,990원,,https://www.coupang.com/vp/products/8862974240?itemId=25845895916&vendorItemId=92832420905&q=장우산&searchId=321d27a63215251&sourceType=search&itemsCount=36&searchRank=27&rank=27,
장우산,28,"잭니클라우스 자동 스틸 폰지 골프 우산, 검정색, 1개",,"15,500원",로켓배송,도착 보장,Y,,775원,,https://www.coupang.com/vp/products/8521855354?itemId=19270093787&vendorItemId=86385312299&q=장우산&searchId=321d27a63215251&sourceType=search&itemsCount=36&searchRank=28&rank=28,
장우산,29,세인트스코트 헤이즈 모던 장우산 2개,"38,000원","17,480원",판매자배송,도착 보장,N,,874원,,https://www.coupang.com/vp/products/7774164805?itemId=20996066079&vendorItemId=88060331311&q=장우산&searchId=321d27a63215251&sourceType=search&itemsCount=36&searchRank=29&rank=29,
장우산,30,코멧 베이직 자동 장우산 2p,"22,850원","15,890원",로켓배송,도착 보장,Y,,770원,,https://www.coupang.com/vp/products/7355599561?itemId=18938797459&vendorItemId=86065332615&q=장우산&searchId=321d27a63215251&sourceType=search&itemsCount=36&searchRank=30&rank=30,
장우산,31,"자동우산 장우산 골프우산 대형 고급 우산 장마 편리한휴대, 1개, 상세페이지 참조","14,900원","14,070원",,도착 예정,Y,,704원,,https://www.coupang.com/vp/products/9167018074?itemId=27010836327&vendorItemId=93979499370&q=장우산&searchId=321d27a63215251&sourceType=search&itemsCount=36&searchRank=31&rank=31,
장우산,32,[도매라인]*고급 빅사이즈장우산 150cm/골프우산/대형우산/접이식우산/2단우산/자동우산/판촉물/사은품,"10,400원","3,000원",,도착 예정,Y,,230원,,https://www.coupang.com/vp/products/8951855868?itemId=26186668412&vendorItemId=93829797632&q=장우산&searchId=321d27a63215251&sourceType=search&itemsCount=36&searchRank=32&rank=32,
장우산,33,코멧 튼튼한 16K 파스텔 장우산,"12,000원","8,390원",로켓배송,도착 보장,Y,,420원,,https://www.coupang.com/vp/products/8641901776?itemId=25079673559&vendorItemId=92083601767&q=장우산&searchId=321d27a63215251&sourceType=search&itemsCount=36&searchRank=33&rank=33,
장우산,,1+1 초경량 자동 장우산 발수코팅 곡선 손잡이,"17,500원","12,500원",,도착 예정,Y,,625원,,https://www.coupang.com/vp/products/8966540035?itemId=26241147713&vendorItemId=93219810782&sourceType=srp_product_ads&clickEventId=af73afd0-bf87-11f0-9c14-e4a07563d5bf&korePlacement=15&koreSubPlacement=37&clickEventId=af73afd0-bf87-11f0-9c14-e4a07563d5bf&korePlacement=15&koreSubPlacement=37,
장우산,,마루아토 24K 튼튼한 파스텔 고급 자동 장우산,"30,000원","17,700원",판매자배송,도착 보장,N,,885원,,https://www.coupang.com/vp/products/8144415317?itemId=23152090650&vendorItemId=86018359939&sourceType=srp_product_ads&clickEventId=af73afd0-bf87-11f0-85b3-e16d4228d17d&korePlacement=15&koreSubPlacement=38&clickEventId=af73afd0-bf87-11f0-85b3-e16d4228d17d&korePlacement=15&koreSubPlacement=38,
넥타이,,네오바트 모던 단색 지퍼 자동 넥타이,"13,000원","9,700원",로켓배송,도착 보장,Y,,460원,,https://www.coupang.com/vp/products/8316158976?itemId=24000242792&vendorItemId=93096276351&sourceType=srp_product_ads&clickEventId=b98867e0-bf87-11f0-9478-a4863f6aafc5&korePlacement=15&koreSubPlacement=1&clickEventId=b98867e0-bf87-11f0-9478-a4863f6aafc5&korePlacement=15&koreSubPlacement=1,
넥타이,1,네오바트 자동 넥타이,"13,800원","7,800원",로켓배송,도착 보장,Y,,390원,,https://www.coupang.com/vp/products/8916071579?itemId=26050878646&vendorItemId=93032282525&pickType=COU_PICK&q=넥타이&searchId=fcc426bb41659801&sourceType=search&itemsCount=36&searchRank=1&rank=1,
넥타이,2,길벗 자동넥타이 3종 세트,"26,000원","10,900원",,도착 예정,Y,,545원,,https://www.coupang.com/vp/products/8451971344?itemId=24453926603&vendorItemId=87180845088&q=넥타이&searchId=fcc426bb41659801&sourceType=search&itemsCount=36&searchRank=2&rank=2,
넥타이,3,코코바이브 자동넥타이,"19,900원","6,900원",판매자배송,도착 보장,Y,,345원,,https://www.coupang.com/vp/products/8203203701?itemId=23520775972&vendorItemId=90547118570&q=넥타이&searchId=fcc426bb41659801&sourceType=search&itemsCount=36&searchRank=3&rank=3,
넥타이,,네오바트 모던 단색 지퍼 자동 넥타이,"13,000원","9,700원",로켓배송,도착 보장,Y,,485원,,https://www.coupang.com/vp/products/8316158976?itemId=24000242786&vendorItemId=93096276419&sourceType=srp_product_ads&clickEventId=b9888ef0-bf87-11f0-aaf4-d91e729eaff9&korePlacement=15&koreSubPlacement=5&clickEventId=b9888ef0-bf87-11f0-aaf4-d91e729eaff9&korePlacement=15&koreSubPlacement=5,
넥타이,,네오바트 자동 넥타이,"13,800원","7,800원",로켓배송,도착 보장,Y,,390원,,https://www.coupang.com/vp/products/8916071579?itemId=26050878646&vendorItemId=93032282525&pickType=COU_PICK&sourceType=srp_product_ads&clickEventId=b9888ef0-bf87-11f0-ab6b-17bb31c0ef5b&korePlacement=15&koreSubPlacement=6&clickEventId=b9888ef0-bf87-11f0-ab6b-17bb31c0ef5b&korePlacement=15&koreSubPlacement=6,
넥타이,4,어버너 넥타이 무광 헤링본 클래식 7color,"12,500원","8,900원",판매자배송,도착 보장,N,,445원,,https://www.coupang.com/vp/products/8403517046?itemId=24292599391&vendorItemId=91308698517&q=넥타이&searchId=fcc426bb41659801&sourceType=search&itemsCount=36&searchRank=6&rank=6,
넥타이,5,엠스코프 남성용 트윌 솔리드 지퍼형 자동 넥타이 MN004,,"11,900원",로켓배송,도착 보장,Y,,595원,,https://www.coupang.com/vp/products/1885514193?itemId=11112593669&vendorItemId=78414497038&q=넥타이&searchId=fcc426bb41659801&sourceType=search&itemsCount=36&searchRank=7&rank=7,
넥타이,,최신샵 프리미엄 자동 넥타이 8cm,"29,800원","16,800원",판매자배송,도착 보장,N,,840원,,https://www.coupang.com/vp/products/8006497923?itemId=22317968056&vendorItemId=89612341400&sourceType=srp_product_ads&clickEventId=b9888ef0-bf87-11f0-8018-5cd30ee16dde&korePlacement=15&koreSubPlacement=9&clickEventId=b9888ef0-bf87-11f0-8018-5cd30ee16dde&korePlacement=15&koreSubPlacement=9,
넥타이,6,고급 남성 남자 결혼식 면접 졸업사진 클래식 간편한 자동 지퍼 정장 넥타이,"16,800원","15,800원",판매자배송,도착 보장,N,,790원,,https://www.coupang.com/vp/products/8412111375?itemId=24323584711&vendorItemId=91342330074&q=넥타이&searchId=fcc426bb41659801&sourceType=search&itemsCount=36&searchRank=9&rank=9,
넥타이,,무드 13컬러 클래식 자동 넥타이 (MOL002),"19,800원","11,800원",,도착 예정,Y,,590원,,https://www.coupang.com/vp/products/272305503?itemId=857240168&vendorItemId=5175449905&sourceType=srp_product_ads&clickEventId=b9888ef0-bf87-11f0-9ed8-407b36a404f2&korePlacement=15&koreSubPlacement=11&clickEventId=b9888ef0-bf87-11f0-9ed8-407b36a404f2&korePlacement=15&koreSubPlacement=11,
넥타이,,간편하고 퀄리티좋은 자동넥타이 10종,"28,000원","14,100원",판매자배송,도착 보장,N,,705원,,https://www.coupang.com/vp/products/5286286981?itemId=7585708622&vendorItemId=74876224636&sourceType=srp_product_ads&clickEventId=b9888ef0-bf87-11f0-af4c-663520adb449&korePlacement=15&koreSubPlacement=12&clickEventId=b9888ef0-bf87-11f0-af4c-663520adb449&korePlacement=15&koreSubPlacement=12,
넥타이,7,픽커리 남성 자동 넥타이 3종 세트,"18,190원","10,000원",,도착 예정,Y,,500원,,https://www.coupang.com/vp/products/9117765661?itemId=26819377217&vendorItemId=93789576133&q=넥타이&searchId=fcc426bb41659801&sourceType=search&itemsCount=36&searchRank=12&rank=12,
넥타이,8,총 2개 면접넥타이 도트넥타이 고급 원단사용,"24,200원","18,800원",,도착 보장,N,,940원,,https://www.coupang.com/vp/products/4848684325?itemId=6274479154&vendorItemId=73570088584&q=넥타이&searchId=fcc426bb41659801&sourceType=search&itemsCount=36&searchRank=13&rank=13,
넥타이,9,사켓 자동 남자 넥타이 2종세트,"35,000원","8,490원",판매자배송,도착 보장,N,,425원,,https://www.coupang.com/vp/products/8997868535?itemId=26364775569&vendorItemId=92371956030&q=넥타이&searchId=fcc426bb41659801&sourceType=search&itemsCount=36&searchRank=14&rank=14,
넥타이,10,엘르 패션 코멧 넥타이,,"13,520원",로켓배송,도착 보장,Y,,676원,품절임박,https://www.coupang.com/vp/products/9023494614?itemId=26459150726&vendorItemId=93484799880&q=넥타이&searchId=fcc426bb41659801&sourceType=search&itemsCount=36&searchRank=15&rank=15,
넥타이,16,고투바이 넥타이 혼주넥타이 장례식 상가집 조문용 지퍼 자동 2종 세트 클래식 슬림 결혼,"49,900원","29,900원",,,Y,,"1,495원",,https://www.coupang.com/vp/products/9147967041?itemId=26933836104&vendorItemId=93903042633&q=넥타이&searchId=fcc426bb41659801&sourceType=search&itemsCount=36&searchRank=16&rank=16,
넥타이,17,최신샵 프리미엄 자동 넥타이 8cm,"29,800원","16,800원",판매자배송,도착 보장,N,,840원,,https://www.coupang.com/vp/products/8006497923?itemId=22317968060&vendorItemId=89612341524&q=넥타이&searchId=fcc426bb41659801&sourceType=search&itemsCount=36&searchRank=17&rank=17,
넥타이,18,남자 명품 넥타이 수동 스트라이프 캐주얼 결혼식 프레피룩 정장 실크 폴로 프레피 넥타이,"39,800원","19,800원",,도착 예정,Y,,990원,,https://www.coupang.com/vp/products/8871432935?itemId=25882879850&vendorItemId=92868867673&q=넥타이&searchId=fcc426bb41659801&sourceType=search&itemsCount=36&searchRank=18&rank=18,
넥타이,19,고급 남성 남자 결혼식 면접 클래식 정장 넥타이 9종,,"14,900원",판매자배송,도착 보장,N,,745원,,https://www.coupang.com/vp/products/9004702348?itemId=26390280589&vendorItemId=93371284180&q=넥타이&searchId=fcc426bb41659801&sourceType=search&itemsCount=36&searchRank=19&rank=19,
넥타이,,엠스코프 남성용 트윌 솔리드 지퍼형 자동 넥타이 MN004,,"11,900원",로켓배송,도착 보장,Y,,595원,,https://www.coupang.com/vp/products/1885514193?itemId=11112593669&vendorItemId=78414497038&sourceType=srp_product_ads&clickEventId=b9888ef0-bf87-11f0-83a2-af4e65f18048&korePlacement=15&koreSubPlacement=21&clickEventId=b9888ef0-bf87-11f0-83a2-af4e65f18048&korePlacement=15&koreSubPlacement=21,
넥타이,,간편하고 퀄리티좋은 자동넥타이 10종,"28,000원","14,800원",판매자배송,도착 보장,N,,740원,,https://www.coupang.com/vp/products/5286286981?itemId=7585708600&vendorItemId=74876224556&sourceType=srp_product_ads&clickEventId=b9888ef0-bf87-11f0-b9d1-03bbdc7ca6fc&korePlacement=15&koreSubPlacement=22&clickEventId=b9888ef0-bf87-11f0-b9d1-03bbdc7ca6fc&korePlacement=15&koreSubPlacement=22,
넥타이,22,엘르 패션 코러스 넥타이,,"13,520원",로켓배송,도착 보장,Y,,676원,품절임박,https://www.coupang.com/vp/products/9023494592?itemId=26459149329&vendorItemId=93484799906&q=넥타이&searchId=fcc426bb41659801&sourceType=search&itemsCount=36&searchRank=22&rank=22,
넥타이,23,[맨즈플러스] 넥타이 200종류,,"2,500원",,도착 예정,Y,,265원,,https://www.coupang.com/vp/products/104174161?itemId=316080780&vendorItemId=3776363467&q=넥타이&searchId=fcc426bb41659801&sourceType=search&itemsCount=36&searchRank=23&rank=23,
넥타이,24,엠스코프 브로치 스트라이프 수동 넥타이 MN446,,"17,900원",로켓배송,도착 보장,Y,,895원,,https://www.coupang.com/vp/products/6385436158?itemId=13585354622&vendorItemId=81264301122&q=넥타이&searchId=fcc426bb41659801&sourceType=search&itemsCount=36&searchRank=24&rank=24,
넥타이,25,간편하고 퀄리티좋은 자동넥타이 10종,"28,000원","14,100원",판매자배송,도착 보장,N,,705원,,https://www.coupang.com/vp/products/5286286981?itemId=7585708622&vendorItemId=74876224636&q=넥타이&searchId=fcc426bb41659801&sourceType=search&itemsCount=36&searchRank=25&rank=25,
넥타이,26,어바웃타이 스트라이프 슬립온 자동지퍼 넥타이 TSP1360,"9,900원","5,900원",로켓배송,도착 보장,Y,,295원,,https://www.coupang.com/vp/products/8354093235?itemId=24137611996&vendorItemId=91156546526&q=넥타이&searchId=fcc426bb41659801&sourceType=search&itemsCount=36&searchRank=26&rank=26,
넥타이,27,엘르 패션 블레이드 넥타이,,"13,520원",로켓배송,도착 보장,Y,,676원,품절임박,https://www.coupang.com/vp/products/9023493933?itemId=26459147221&vendorItemId=93484799915&q=넥타이&searchId=fcc426bb41659801&sourceType=search&itemsCount=36&searchRank=27&rank=27,
넥타이,28,편리한 슬림자동 넥타이 4종세트 헤리스톤,"42,000원","34,200원",판매자배송,도착 보장,Y,,"1,710원",,https://www.coupang.com/vp/products/8285974552?itemId=23892998422&vendorItemId=90915669183&q=넥타이&searchId=fcc426bb41659801&sourceType=search&itemsCount=36&searchRank=28&rank=28,
넥타이,29,자동넥타이 3종 세트 고급원단 퀄리티 좋은 넥타이,"30,000원","24,450원",판매자배송,도착 보장,Y,,"1,223원",품절임박,https://www.coupang.com/vp/products/8605678357?itemId=24955996217&vendorItemId=91961811294&q=넥타이&searchId=fcc426bb41659801&sourceType=search&itemsCount=36&searchRank=29&rank=29,
넥타이,30,명품 혼주넥타이 세트 넥타이핀 증정 케이스 포장 결혼식 선물용,"50,000원","24,650원",판매자배송,도착 보장,Y,,"1,233원",,https://www.coupang.com/vp/products/7279151612?itemId=18580886860&vendorItemId=85963136558&q=넥타이&searchId=fcc426bb41659801&sourceType=search&itemsCount=36&searchRank=30&rank=30,
넥타이,31,이지겟 남성 넥타이 3종 세트,"37,000원","25,000원",판매자배송,도착 보장,Y,,"1,250원",,https://www.coupang.com/vp/products/7837831220?itemId=21328776393&vendorItemId=92798336741&q=넥타이&searchId=fcc426bb41659801&sourceType=search&itemsCount=36&searchRank=31&rank=31,
넥타이,32,맵시타이 슬림자동 넥타이 베스트 100여종,"7,700원","3,000원",,도착 예정,Y,,279원,,https://www.coupang.com/vp/products/70265230?itemId=234929916&vendorItemId=3044139423&q=넥타이&searchId=fcc426bb41659801&sourceType=search&itemsCount=36&searchRank=32&rank=32,
넥타이,33,면접 직장인 자동넥타이 7폭,"15,000원","9,800원",판매자배송,도착 보장,N,,490원,,https://www.coupang.com/vp/products/6854981984?itemId=16344015949&vendorItemId=83535848127&q=넥타이&searchId=fcc426bb41659801&sourceType=search&itemsCount=36&searchRank=33&rank=33,
넥타이,34,엘르 패션 쉬프트 넥타이,,"17,800원",로켓배송,,N,,,품절,https://www.coupang.com/vp/products/9041805997?itemId=26529607835&vendorItemId=93484799874&q=넥타이&searchId=fcc426bb41659801&sourceType=search&itemsCount=36&searchRank=34&rank=34,
넥타이,,엠스코프 남성용 브로치 스트라이프 수동 넥타이 MN446,,"17,900원",로켓배송,도착 보장,Y,,895원,,https://www.coupang.com/vp/products/6385436158?itemId=13585354619&vendorItemId=81264301128&sourceType=srp_product_ads&clickEventId=b9888ef0-bf87-11f0-bf90-64e56de87fdb&korePlacement=15&koreSubPlacement=37&clickEventId=b9888ef0-bf87-11f0-bf90-64e56de87fdb&korePlacement=15&koreSubPlacement=37,
귀멸의칼날키링,,"귀멸의 칼날 키링 장식용 굿즈 12종 랜덤 2+1, 1개","21,900원","13,350원",판매자배송,도착 보장,N,,668원,,https://www.coupang.com/vp/products/9148141941?itemId=26934584567&vendorItemId=93919685103&sourceType=srp_product_ads&clickEventId=c6d603d0-bf87-11f0-b094-6d663d37abc0&korePlacement=15&koreSubPlacement=1&clickEventId=c6d603d0-bf87-11f0-b094-6d663d37abc0&korePlacement=15&koreSubPlacement=1,
귀멸의칼날키링,1,귀멸의 칼날 캐릭터 키링 가방고리 장식용 굿즈,"19,900원","9,290원",판매자배송,도착 보장,N,,465원,,https://www.coupang.com/vp/products/8544875779?itemId=24740988586&vendorItemId=91577523072&q=귀멸의칼날키링&searchId=68d262bd3006595&sourceType=search&itemsCount=36&searchRank=1&rank=1,
귀멸의칼날키링,2,[랜덤1종] 귀멸의칼날 귀칼 귀살대 일륜도 무기 칼 랜덤 키링 열쇠고리 (데이데이),,"3,500원",,도착 예정,N,,325원,,https://www.coupang.com/vp/products/9132066785?itemId=26872029994&vendorItemId=93841614038&q=귀멸의칼날키링&searchId=68d262bd3006595&sourceType=search&itemsCount=36&searchRank=2&rank=2,
귀멸의칼날키링,3,"귀멸의칼날 빛나는 눈동자 아크릴 키링 열쇠고리, 무이치로, 1개","10,000원","7,300원",판매자배송,도착 보장,N,,365원,,https://www.coupang.com/vp/products/9081067708?itemId=26677751163&vendorItemId=93649971568&q=귀멸의칼날키링&searchId=68d262bd3006595&sourceType=search&itemsCount=36&searchRank=3&rank=3,
귀멸의칼날키링,4,"일륜도 랜덤 키링 1박스(12개입) Demon Slayer 귀멸의칼날, 1박스, 혼합","36,000원","3,000원",,도착 예정,Y,,"1,400원",,https://www.coupang.com/vp/products/9103370012?itemId=26762360247&vendorItemId=93830738340&q=귀멸의칼날키링&searchId=68d262bd3006595&sourceType=search&itemsCount=36&searchRank=4&rank=4,
귀멸의칼날키링,5,"귀멸의 칼날 아크릴 키링 세트 6종 9종 애니굿즈 무이치로 기유, 1세트, 키링 6종세트","16,800원","13,800원",,도착 예정,Y,,690원,품절임박,https://www.coupang.com/vp/products/9169913116?itemId=27023498581&vendorItemId=93992095049&q=귀멸의칼날키링&searchId=68d262bd3006595&sourceType=search&itemsCount=36&searchRank=5&rank=5,
귀멸의칼날키링,6,로먼 Romeon 귀멸의 칼날 카드 키링 세트 9pcs,"40,000원","25,000원",판매자배송,도착 보장,Y,,"1,250원",,https://www.coupang.com/vp/products/9021895487?itemId=26453740198&vendorItemId=93429142335&q=귀멸의칼날키링&searchId=68d262bd3006595&sourceType=search&itemsCount=36&searchRank=6&rank=6,
귀멸의칼날키링,7,"(국내배송)귀멸의칼날 일륜도 키링 귀칼 굿즈 열쇠고리, 1개, 랜덤","8,000원","6,300원",,도착 예정,Y,,315원,,https://www.coupang.com/vp/products/9091497604?itemId=26718310153&vendorItemId=93689897369&q=귀멸의칼날키링&searchId=68d262bd3006595&sourceType=search&itemsCount=36&searchRank=7&rank=7,
귀멸의칼날키링,8,"오드아이 귀멸의칼날 눈동자 키링 귀살대 아크릴 양면 빛나는 눈 열쇠고리, 무이치로-세로형, 1개",,"3,990원",,도착 예정,Y,,200원,,https://www.coupang.com/vp/products/9025601125?itemId=26538374212&vendorItemId=93678324149&q=귀멸의칼날키링&searchId=68d262bd3006595&sourceType=search&itemsCount=36&searchRank=8&rank=8,
귀멸의칼날키링,9,"귀멸의칼날 컬렉션 키링 열쇠고리 굿즈 단초미, 12개, 랜덤",,"1,858원",,도착 예정,Y,,"1,115원",,https://www.coupang.com/vp/products/8315552918?itemId=26625755430&vendorItemId=93598633186&q=귀멸의칼날키링&searchId=68d262bd3006595&sourceType=search&itemsCount=36&searchRank=9&rank=9,
귀멸의칼날키링,10,"귀멸의칼날 빛나는 눈동자 아크릴 키링 열쇠고리, 1개","10,000원","7,300원",,도착 보장,N,,365원,,https://www.coupang.com/vp/products/9021648873?itemId=26677751151&vendorItemId=93649971572&q=귀멸의칼날키링&searchId=68d262bd3006595&sourceType=search&itemsCount=36&searchRank=10&rank=10,
귀멸의칼날키링,11,[1+1][택1+랜덤1]귀멸의칼날 렌고쿠 탄지로 네즈코 이노스케 젠이츠 기유 무이치로 무잔 아크릴 키링 열쇠고리 18종 (데이데이),,"3,500원",,도착 예정,N,,375원,품절임박,https://www.coupang.com/vp/products/9037516259?itemId=26514396128&vendorItemId=93488848468&q=귀멸의칼날키링&searchId=68d262bd3006595&sourceType=search&itemsCount=36&searchRank=11&rank=11,
귀멸의칼날키링,12,"귀멸의 칼날 키링 장식용 굿즈 12종 랜덤 2+1, 1개","21,900원","13,350원",판매자배송,도착 보장,N,,668원,,https://www.coupang.com/vp/products/9148141941?itemId=26934584567&vendorItemId=93919685103&q=귀멸의칼날키링&searchId=68d262bd3006595&sourceType=search&itemsCount=36&searchRank=12&rank=12,
귀멸의칼날키링,13,"귀멸의칼날 컬렉션 키링 열쇠고리 굿즈, 5개, 랜덤",,"2,100원",,도착 예정,Y,,525원,,https://www.coupang.com/vp/products/8315552918?itemId=23998266326&vendorItemId=93594850741&q=귀멸의칼날키링&searchId=68d262bd3006595&sourceType=search&itemsCount=36&searchRank=13&rank=13,
귀멸의칼날키링,14,"[16종 세트] 귀멸의 칼날 아크릴 키링 키체인 악마슬레이어 캐릭터 키홀더 가방 핸드폰 꾸미기 소품 귀여운 애니메이션 굿즈, 1개",,"16,700원",,도착 예정,Y,,835원,,https://www.coupang.com/vp/products/9129179651?itemId=26860102990&vendorItemId=93829794346&q=귀멸의칼날키링&searchId=68d262bd3006595&sourceType=search&itemsCount=36&searchRank=14&rank=14,
귀멸의칼날키링,15,귀멸의 칼날 캐릭터 가방고리 키링,"15,900원","8,500원",로켓직구,도착 예정,Y,,425원,,https://www.coupang.com/vp/products/9031410931?itemId=26490922323&vendorItemId=93465802894&q=귀멸의칼날키링&searchId=68d262bd3006595&sourceType=search&itemsCount=36&searchRank=15&rank=15,
귀멸의칼날키링,16,귀멸의칼날 미니피규어 키링 피규어키링 B,,"14,990원",,도착 예정,Y,,750원,,https://www.coupang.com/vp/products/9130782852?itemId=26866510273&vendorItemId=93836152364&q=귀멸의칼날키링&searchId=68d262bd3006595&sourceType=search&itemsCount=36&searchRank=16&rank=16,
귀멸의칼날키링,17,"귀멸의칼날 키링 굿즈 일륜도 귀칼 귀살대 무한성 컬렉션 세트 아크릴 키홀더 열쇠고리, 무이치로(A)","9,200원","8,140원",,도착 예정,Y,,407원,,https://www.coupang.com/vp/products/9102698843?itemId=26718040780&vendorItemId=93689633653&q=귀멸의칼날키링&searchId=68d262bd3006595&sourceType=search&itemsCount=36&searchRank=17&rank=17,
귀멸의칼날키링,18,"귀멸의칼날 빛나는 눈동자 아크릴 키링 열쇠고리, 이구로, 1개","10,000원","7,300원",판매자배송,도착 보장,N,,365원,,https://www.coupang.com/vp/products/9081067708?itemId=26677751168&vendorItemId=93649971567&q=귀멸의칼날키링&searchId=68d262bd3006595&sourceType=search&itemsCount=36&searchRank=18&rank=18,
귀멸의칼날키링,,"귀살대 일륜도 키링 굿즈 귀칼 칼 열쇠고리, 1개, 탄지로-물의호흡","7,900원","4,300원",,도착 예정,Y,,215원,,https://www.coupang.com/vp/products/9078007492?itemId=26623227695&vendorItemId=93596151683&sourceType=srp_product_ads&clickEventId=c6d603d0-bf87-11f0-be9a-659e7b262f38&korePlacement=15&koreSubPlacement=20&clickEventId=c6d603d0-bf87-11f0-be9a-659e7b262f38&korePlacement=15&koreSubPlacement=20,
귀멸의칼날키링,,로먼 Romeon 귀멸의 칼날 카드 키링 세트 9pcs,"40,000원","25,000원",판매자배송,도착 보장,Y,,"1,250원",,https://www.coupang.com/vp/products/9021895487?itemId=26453740198&vendorItemId=93429142335&sourceType=srp_product_ads&clickEventId=c6d62ae0-bf87-11f0-a3bf-c4acff90ae7d&korePlacement=15&koreSubPlacement=21&clickEventId=c6d62ae0-bf87-11f0-a3bf-c4acff90ae7d&korePlacement=15&koreSubPlacement=21,
귀멸의칼날키링,21,귀멸의 칼날 귀칼 키링 8명 세트 키홀더 열쇠고리 아크릴 굿즈 탄지로 네즈코,"28,700원","14,900원",,도착 예정,Y,,745원,,https://www.coupang.com/vp/products/9011262630?itemId=26414756541&vendorItemId=93390776297&q=귀멸의칼날키링&searchId=68d262bd3006595&sourceType=search&itemsCount=36&searchRank=21&rank=21,
귀멸의칼날키링,,"귀살대 일륜도 키링 피규어 굿즈 귀칼 칼 무기 열쇠고리, 1개, 안개 무이치로","9,900원","7,110원",,도착 예정,Y,,355원,,https://www.coupang.com/vp/products/9091292158?itemId=26717467381&vendorItemId=93689072482&sourceType=srp_product_ads&clickEventId=c6d62ae0-bf87-11f0-ae25-51264c219c33&korePlacement=15&koreSubPlacement=23&clickEventId=c6d62ae0-bf87-11f0-ae25-51264c219c33&korePlacement=15&koreSubPlacement=23,
귀멸의칼날키링,23,"귀멸의칼날 미니칼 피규어 세트 키링, 10개",,"1,900원",판매자배송,도착 보장,N,,950원,,https://www.coupang.com/vp/products/9102030558?itemId=26757914626&vendorItemId=93728834179&q=귀멸의칼날키링&searchId=68d262bd3006595&sourceType=search&itemsCount=36&searchRank=23&rank=23,
귀멸의칼날키링,24,러블리마켓 귀멸의 칼날 아크릴 키링 8종 세트,"25,000원","14,900원",판매자배송,도착 보장,N,,745원,,https://www.coupang.com/vp/products/9095238558?itemId=26731947291&vendorItemId=93703343152&q=귀멸의칼날키링&searchId=68d262bd3006595&sourceType=search&itemsCount=36&searchRank=24&rank=24,
귀멸의칼날키링,25,"귀멸의 칼날 코쵸우 탄지로 시노부 네즈코 키링 키홀더 가방고리 열쇠고리 가방장식, 1개, 히메지마 교메이 12","9,800원","5,900원",,도착 예정,Y,,295원,,https://www.coupang.com/vp/products/8553702399?itemId=26705756834&vendorItemId=93677548079&q=귀멸의칼날키링&searchId=68d262bd3006595&sourceType=search&itemsCount=36&searchRank=25&rank=25,
귀멸의칼날키링,26,"브라더유통 귀멸의 칼날 무한성편 컬렉션 키링 열쇠고리 14종 한글판 아크릴 피규어 키링, 1개, 1박스 40개",,"80,000원",,도착 예정,Y,,"4,000원",,https://www.coupang.com/vp/products/8315552918?itemId=26869009831&vendorItemId=93838624788&q=귀멸의칼날키링&searchId=68d262bd3006595&sourceType=search&itemsCount=36&searchRank=26&rank=26,
귀멸의칼날키링,27,"귀멸의칼날 귀칼굿즈 귀살대 캐릭터 아크릴 키링 열쇠고리, 무이치로A, 1개","12,900원","8,900원",판매자배송,도착 보장,N,,445원,,https://www.coupang.com/vp/products/9099908451?itemId=26749536545&vendorItemId=93696992550&q=귀멸의칼날키링&searchId=68d262bd3006595&sourceType=search&itemsCount=36&searchRank=27&rank=27,
귀멸의칼날키링,28,귀멸의칼날 미니 칼 검 미니어처 피규어 귀칼 키링 열쇠고리 모형 1개,"3,000원","3,000원",,도착 예정,N,,140원,,https://www.coupang.com/vp/products/9126992549?itemId=26851854781&vendorItemId=93821679693&q=귀멸의칼날키링&searchId=68d262bd3006595&sourceType=search&itemsCount=36&searchRank=28&rank=28,
귀멸의칼날키링,29,"오드아이 귀멸의칼날 귀살대 키링 검 일륜도 칼 열쇠고리 굿즈, 렌고쿠, 1개","12,900원","4,300원",,도착 예정,Y,,215원,,https://www.coupang.com/vp/products/9177578612?itemId=27059522235&vendorItemId=93241499453&q=귀멸의칼날키링&searchId=68d262bd3006595&sourceType=search&itemsCount=36&searchRank=29&rank=29,
귀멸의칼날키링,30,"귀멸의 칼날 캐릭터 아크릴 키링 8종 세트 ver.1, 혼합색상, 8개","21,800원","1,363원",판매자배송,,N,,,품절,https://www.coupang.com/vp/products/9132075176?itemId=26872084144&vendorItemId=93841668400&q=귀멸의칼날키링&searchId=68d262bd3006595&sourceType=search&itemsCount=36&searchRank=30&rank=30,
귀멸의칼날키링,,"귀살대 일륜도 키링 피규어 굿즈 귀칼 칼 무기 열쇠고리, 1개, 태양 탄지로","9,900원","7,900원",,도착 예정,Y,,395원,,https://www.coupang.com/vp/products/9091292158?itemId=26717467374&vendorItemId=93689072475&sourceType=srp_product_ads&clickEventId=c6d62ae0-bf87-11f0-97a9-e1128d44cad3&korePlacement=15&koreSubPlacement=37&clickEventId=c6d62ae0-bf87-11f0-97a9-e1128d44cad3&korePlacement=15&koreSubPlacement=37,
귀멸의칼날키링,,"귀멸의 칼날 캐릭터 아크릴 키링 8종세트 ver.2, 혼합색상, 8개","21,800원","1,363원",판매자배송,도착 보장,N,,545원,,https://www.coupang.com/vp/products/9132077403?itemId=26872101494&vendorItemId=93841685781&sourceType=srp_product_ads&clickEventId=c6d62ae0-bf87-11f0-8218-17801040bb14&korePlacement=15&koreSubPlacement=38&clickEventId=c6d62ae0-bf87-11f0-8218-17801040bb14&korePlacement=15&koreSubPlacement=38,
귀멸의칼날키링,,"<귀멸의 칼날> 캐릭터 아크릴 키링/키체인/열쇠고리 14종, G-003704. 귀멸의 칼날 키링14종 세트(로켓)","49,000원","47,300원",판매자배송,도착 보장,Y,,"2,365원",품절임박,https://www.coupang.com/vp/products/9031781622?itemId=26492889791&vendorItemId=93467735473&sourceType=srp_product_ads&clickEventId=c6d62ae0-bf87-11f0-8954-0f801084ac8b&korePlacement=15&koreSubPlacement=40&clickEventId=c6d62ae0-bf87-11f0-8954-0f801084ac8b&korePlacement=15&koreSubPlacement=40,
귀멸의칼날키링,,귀멸의 칼날 키링 열쇠고리 키체인 13종 사각프레임ver.,,"49,000원",판매자배송,도착 보장,Y,,"2,450원",,https://www.coupang.com/vp/products/9057815056?itemId=26590496035&vendorItemId=93563782136&sourceType=srp_product_ads&clickEventId=c6d62ae0-bf87-11f0-9bc3-79f3f9f23329&korePlacement=15&koreSubPlacement=41&clickEventId=c6d62ae0-bf87-11f0-9bc3-79f3f9f23329&korePlacement=15&koreSubPlacement=41,
귀멸의칼날키링,,귀멸의 칼날 키링 열쇠고리 키체인 13종 사각프레임ver.,,"7,500원",판매자배송,도착 보장,N,,375원,,https://www.coupang.com/vp/products/9057815056?itemId=26590444659&vendorItemId=93563782140&sourceType=srp_product_ads&clickEventId=c6d62ae0-bf87-11f0-ac84-6cb3203efeec&korePlacement=15&koreSubPlacement=43&clickEventId=c6d62ae0-bf87-11f0-ac84-6cb3203efeec&korePlacement=15&koreSubPlacement=43,
