Keyword,Rank,Name,OriginalPrice,DiscountPrice,FinalPrice,RocketBadge,Arrival,FreeShipping,ReviewCount,Points,StockStatus,Link,ImgUrl
스카프,,4종1세트 여성 쁘띠 실크 스카프 70x70cm,"23,900원","14,800원","14,800원",,도착 보장,N,,740원,,https://www.coupang.com/vp/products/8373602077?itemId=24197091009&vendorItemId=91214724437&sourceType=srp_product_ads&clickEventId=5f528cd0-bf80-11f0-aa40-9f0841426978&korePlacement=15&koreSubPlacement=1&clickEventId=5f528cd0-bf80-11f0-aa40-9f0841426978&korePlacement=15&koreSubPlacement=1,
스카프,1,온더레드 여성 패션 사각스카프 2종 세트 스카프링 포함,"25,000원","8,700원","8,700원",,도착 보장,N,,435원,,https://www.coupang.com/vp/products/8095654161?itemId=22884735637&vendorItemId=86902551669&q=스카프&searchId=8d107c0a41936150&sourceType=search&itemsCount=36&searchRank=1&rank=1,
스카프,2,아펙토 여성용 봄가을 데일리 프리미 스카프 2종 세트,"6,900원","3,990원","3,990원",,도착 보장,Y,,200원,,https://www.coupang.com/vp/products/8844406635?itemId=25779070020&vendorItemId=92767020542&q=스카프&searchId=8d107c0a41936150&sourceType=search&itemsCount=36&searchRank=2&rank=2,
스카프,3,JANE 여성 쁘띠 사각 스카프 2종 세트,"22,000원","9,800원","9,800원",,도착 예정,Y,,490원,,https://www.coupang.com/vp/products/7830132859?itemId=21294104213&vendorItemId=93846024035&q=스카프&searchId=8d107c0a41936150&sourceType=search&itemsCount=36&searchRank=3&rank=3,
스카프,,베네피센트 사각 고급 스카프 2종 세트,"24,000원","9,800원","9,800원",,도착 보장,N,,490원,,https://www.coupang.com/vp/products/7827734880?itemId=21281218848&vendorItemId=88341319300&sourceType=srp_product_ads&clickEventId=5f52b3e0-bf80-11f0-9bfa-fc2c8da89870&korePlacement=15&koreSubPlacement=5&clickEventId=5f52b3e0-bf80-11f0-9bfa-fc2c8da89870&korePlacement=15&koreSubPlacement=5,
스카프,,허블리 여성 면 손수건 스카프 쁘띠 머플러,"15,000원","6,900원","6,900원",,도착 보장,N,,345원,,https://www.coupang.com/vp/products/9063210921?itemId=26610908427&vendorItemId=93584177113&sourceType=srp_product_ads&clickEventId=5f52b3e0-bf80-11f0-820f-8f3709eab924&korePlacement=15&koreSubPlacement=6&clickEventId=5f52b3e0-bf80-11f0-820f-8f3709eab924&korePlacement=15&koreSubPlacement=6,
스카프,4,바바 프리미엄 자석버클 쁘띠 사각 스카프,"19,900원","6,900원","6,900원",,도착 보장,N,,345원,,https://www.coupang.com/vp/products/8539533282?itemId=24722952747&vendorItemId=91733949629&pickType=COU_PICK&q=스카프&searchId=8d107c0a41936150&sourceType=search&itemsCount=36&searchRank=6&rank=6,
스카프,5,국내산 부드러운 롱 스카프 아사 면,"16,800원","10,200원","10,200원",,도착 보장,N,,510원,,https://www.coupang.com/vp/products/8725779682?itemId=26820089265&vendorItemId=93790279120&q=스카프&searchId=8d107c0a41936150&sourceType=search&itemsCount=36&searchRank=7&rank=7,
스카프,,모나코 여성 실크 느낌 쁘띠 데일리 70x70 정사각 스카프 머플러 4종 세트 (4개 1세트),"30,000원","16,500원","16,500원",,도착 보장,Y,,825원,,https://www.coupang.com/vp/products/8617055848?itemId=24997668701&vendorItemId=91939754485&sourceType=srp_product_ads&clickEventId=5f52b3e0-bf80-11f0-89b1-3a19b6e71c68&korePlacement=15&koreSubPlacement=9&clickEventId=5f52b3e0-bf80-11f0-89b1-3a19b6e71c68&korePlacement=15&koreSubPlacement=9,
스카프,6,70X70 여성 봄 가을 쁘띠 스카프 3세트,"19,800원","9,680원","9,680원",,도착 예정,Y,,484원,품절임박,https://www.coupang.com/vp/products/8022208983?itemId=22417422148&vendorItemId=89462189470&q=스카프&searchId=8d107c0a41936150&sourceType=search&itemsCount=36&searchRank=9&rank=9,
스카프,,"[TV홈쇼핑정품 인포벨]앙드레김 실크핏 전주링 원터치 스카프 자석 마그네틱 가을 부모님 파리 스카피 머플러, 오션 화이트+플라워 그린+홀스 브라운, 1세트",,"29,900원","29,900원",,도착 예정,Y,,"1,495원",,https://www.coupang.com/vp/products/9136232463?itemId=26888956257&vendorItemId=93838551187&sourceType=srp_product_ads&clickEventId=5f52b3e0-bf80-11f0-8564-d51e7d7bd13f&korePlacement=15&koreSubPlacement=11&clickEventId=5f52b3e0-bf80-11f0-8564-d51e7d7bd13f&korePlacement=15&koreSubPlacement=11,
스카프,,[국내산 순면 100%] 쁘담 스카프 손수건 쁘띠 등산 두건 5개세트,"32,900원","19,860원","19,860원",,도착 보장,Y,,993원,,https://www.coupang.com/vp/products/9115708504?itemId=26810836193&vendorItemId=93781173912&sourceType=srp_product_ads&clickEventId=5f52b3e0-bf80-11f0-8c8d-1f266d07928a&korePlacement=15&koreSubPlacement=12&clickEventId=5f52b3e0-bf80-11f0-8c8d-1f266d07928a&korePlacement=15&koreSubPlacement=12,
스카프,7,우브레 쁘띠 스카프 2종 세트,"29,750원","8,400원","8,400원",,도착 보장,N,,420원,,https://www.coupang.com/vp/products/7959067228?itemId=22001588775&vendorItemId=89049112192&q=스카프&searchId=8d107c0a41936150&sourceType=search&itemsCount=36&searchRank=12&rank=12,
스카프,8,메리앤유 소프트터치 웨이브 디테일 투톤 배색 스카프 국산,"25,000원","15,800원","15,800원",,도착 보장,N,,790원,,https://www.coupang.com/vp/products/9058052607?itemId=26591396572&vendorItemId=91548924576&q=스카프&searchId=8d107c0a41936150&sourceType=search&itemsCount=36&searchRank=13&rank=13,
스카프,9,[4종세트] 허블리 여성 부드러운 자석버클 사각 쁘띠 스카프 머플러,"32,000원","12,800원","12,800원",,도착 보장,N,,640원,,https://www.coupang.com/vp/products/9150851620?itemId=26945480387&vendorItemId=93914888617&q=스카프&searchId=8d107c0a41936150&sourceType=search&itemsCount=36&searchRank=14&rank=14,
스카프,10,마리앙 마름모 스카프 가을스카프 롱스카프 여성스카프 뜨왈 플라워 배색 간절기 스카프,"26,000원","23,800원","23,800원",,도착 보장,Y,,"1,190원",,https://www.coupang.com/vp/products/9103806387?itemId=26764478427&vendorItemId=93810578662&q=스카프&searchId=8d107c0a41936150&sourceType=search&itemsCount=36&searchRank=15&rank=15,
스카프,16,미디엄템포 부드럽고 네추럴한 사계절 무지 롱 스카프 피그먼트 브리즈 / 국내제작 면 레이온 소재로 부드럽고 피부에 편안 봄 가을 검정 블랙 스카프,,"18,800원","18,800원",,도착 보장,N,,940원,,https://www.coupang.com/vp/products/1272365658?itemId=2277322904&vendorItemId=79539493237&q=스카프&searchId=8d107c0a41936150&sourceType=search&itemsCount=36&searchRank=16&rank=16,
스카프,17,로튼 국내제작 삼각 무지 스카프 머플러 면 심플 우아함 봄 스카프 여성 남성,"13,700원","8,650원","8,650원",,도착 보장,N,,433원,,https://www.coupang.com/vp/products/8584811282?itemId=24886721972&vendorItemId=91893521261&q=스카프&searchId=8d107c0a41936150&sourceType=search&itemsCount=36&searchRank=17&rank=17,
스카프,18,1+1 에이엔이엠 고급 실크 여성 패션 사각스카프 4컬러,,"6,900원","6,900원",,도착 예정,Y,,345원,,https://www.coupang.com/vp/products/8645821599?itemId=25093949160&vendorItemId=92097620741&q=스카프&searchId=8d107c0a41936150&sourceType=search&itemsCount=36&searchRank=18&rank=18,
스카프,19,MGN공식 스카프 가을 여성스카프 쁘띠 5종세트,"20,000원","8,900원","8,900원",,도착 보장,N,,445원,,https://www.coupang.com/vp/products/9055027985?itemId=26579374094&vendorItemId=93552809074&q=스카프&searchId=8d107c0a41936150&sourceType=search&itemsCount=36&searchRank=19&rank=19,
스카프,,어반유니크 여성 데일리 고급 스카프 4종 세트,"34,000원","16,900원","16,900원",,도착 보장,N,,845원,,https://www.coupang.com/vp/products/8309479717?itemId=23976277945&vendorItemId=90997549371&sourceType=srp_product_ads&clickEventId=5f52b3e0-bf80-11f0-8747-5fafc4d1f594&korePlacement=15&koreSubPlacement=21&clickEventId=5f52b3e0-bf80-11f0-8747-5fafc4d1f594&korePlacement=15&koreSubPlacement=21,
스카프,,쇼퍼블릭 여성 플리츠 주름 롱 머플러 목도리,"21,500원","9,900원","9,900원",,도착 보장,N,,495원,,https://www.coupang.com/vp/products/9075708419?itemId=26658393617&vendorItemId=93826369459&sourceType=srp_product_ads&clickEventId=5f52b3e0-bf80-11f0-baf1-554cafd1754a&korePlacement=15&koreSubPlacement=22&clickEventId=5f52b3e0-bf80-11f0-baf1-554cafd1754a&korePlacement=15&koreSubPlacement=22,
스카프,22,2종세트 바바 프리미엄 자석버클 쁘띠 사각 스카프,"29,900원","8,800원","8,800원",,도착 예정,Y,,440원,,https://www.coupang.com/vp/products/8540920480?itemId=24727854281&vendorItemId=91736880972&q=스카프&searchId=8d107c0a41936150&sourceType=search&itemsCount=36&searchRank=22&rank=22,
스카프,23,70X70 여성 봄 가을 쁘띠 스카프,"5,980원","2,500원","2,500원",,도착 예정,Y,,108원,,https://www.coupang.com/vp/products/8022154678?itemId=22417264530&vendorItemId=89462031851&q=스카프&searchId=8d107c0a41936150&sourceType=search&itemsCount=36&searchRank=23&rank=23,
스카프,24,아펙토 우아한 자석 버클 스카프 2종 세트,"7,900원","4,900원","4,900원",,도착 보장,Y,,245원,,https://www.coupang.com/vp/products/8837460296?itemId=25754169332&vendorItemId=92742417349&q=스카프&searchId=8d107c0a41936150&sourceType=search&itemsCount=36&searchRank=24&rank=24,
스카프,25,온더레드 러블리 레이어드 롱스카프,"32,000원","8,890원","8,890원",,도착 보장,N,,445원,,https://www.coupang.com/vp/products/8437333354?itemId=24403111462&vendorItemId=91418006264&q=스카프&searchId=8d107c0a41936150&sourceType=search&itemsCount=36&searchRank=25&rank=25,
스카프,26,모델엄마 프렌치무드 고급 아사면 마름모 뾰족스카프 (2colors),"25,900원","13,700원","13,700원",,도착 보장,N,,685원,,https://www.coupang.com/vp/products/9003349109?itemId=26384009530&vendorItemId=93360460623&q=스카프&searchId=8d107c0a41936150&sourceType=search&itemsCount=36&searchRank=26&rank=26,
스카프,27,엘르온 여성 고급 패션 사각스카프 2종세트 스카프링 포함,"25,000원","9,900원","9,900원",,도착 보장,N,,495원,,https://www.coupang.com/vp/products/8283240035?itemId=23882296111&vendorItemId=90905155235&q=스카프&searchId=8d107c0a41936150&sourceType=search&itemsCount=36&searchRank=27&rank=27,
스카프,28,소울린느 쁘띠사이즈 실크소재 스카프 (33종류),"19,900원","7,900원","7,900원",,도착 보장,N,,395원,,https://www.coupang.com/vp/products/7970137501?itemId=22070793759&vendorItemId=89118138736&q=스카프&searchId=8d107c0a41936150&sourceType=search&itemsCount=36&searchRank=28&rank=28,
스카프,29,쿠앤 여성 70cm 스카프 정사각 여성스카프 4종 세트,"40,000원","15,900원","15,900원",,도착 보장,N,,795원,,https://www.coupang.com/vp/products/7871856275?itemId=21506454980&vendorItemId=88579179945&q=스카프&searchId=8d107c0a41936150&sourceType=search&itemsCount=36&searchRank=29&rank=29,
스카프,30,더뷰렛 소프트 롱스카프 여성 무지 단색 면 코튼 간절기 스카프,"15,000원","11,500원","11,500원",,도착 예정,Y,,575원,,https://www.coupang.com/vp/products/312474379?itemId=987283328&vendorItemId=5410258372&q=스카프&searchId=8d107c0a41936150&sourceType=search&itemsCount=36&searchRank=30&rank=30,
스카프,31,허블리 여성 부드러운 사각 스카프 머플러 4종세트,"30,000원","12,900원","12,900원",,도착 보장,N,,645원,,https://www.coupang.com/vp/products/9066483209?itemId=26624956505&vendorItemId=93603392173&q=스카프&searchId=8d107c0a41936150&sourceType=search&itemsCount=36&searchRank=31&rank=31,
스카프,32,센티멘토 마름모 롱 스카프 심플 무지 라인 트리밍 고급스러운 봄 가을 롱 스카프 코디,,"29,800원","29,800원",,도착 보장,Y,,"1,490원",,https://www.coupang.com/vp/products/6357078774?itemId=13402780184&vendorItemId=87639019918&q=스카프&searchId=8d107c0a41936150&sourceType=search&itemsCount=36&searchRank=32&rank=32,
스카프,33,바비수 쁘띠 메종도트 스카프,"24,800원","12,500원","12,500원",,도착 보장,Y,,625원,,https://www.coupang.com/vp/products/318863376?itemId=1018622558&vendorItemId=5456493938&q=스카프&searchId=8d107c0a41936150&sourceType=search&itemsCount=36&searchRank=33&rank=33,
스카프,34,살림코드 쁘띠테일 진주자석 실크 스카프 1+1 미니스카프,,"15,890원","15,890원",,,N,,,품절,https://www.coupang.com/vp/products/9128956218?itemId=26859323419&vendorItemId=93829022504&q=스카프&searchId=8d107c0a41936150&sourceType=search&itemsCount=36&searchRank=34&rank=34,
스카프,,쇼퍼블릭 여성 플리츠 주름 롱 머플러 목도리,"21,500원","12,900원","12,900원",,도착 보장,N,,645원,,https://www.coupang.com/vp/products/9075708419?itemId=26658393613&vendorItemId=93826369458&sourceType=srp_product_ads&clickEventId=5f52b3e0-bf80-11f0-9398-3b76f506e305&korePlacement=15&koreSubPlacement=37&clickEventId=5f52b3e0-bf80-11f0-9398-3b76f506e305&korePlacement=15&koreSubPlacement=37,
키링,,"자동차키링 번호판 열쇠고리 스마트 키홀더 차량번호키링제작, 신형, 1개","8,900원","5,900원","5,900원",,도착 예정,Y,,295원,,https://www.coupang.com/vp/products/8957014008?itemId=26207479405&vendorItemId=92019375236&sourceType=srp_product_ads&clickEventId=686f2940-bf80-11f0-9f6b-24067abf72b8&korePlacement=15&koreSubPlacement=1&clickEventId=686f2940-bf80-11f0-9f6b-24067abf72b8&korePlacement=15&koreSubPlacement=1,
키링,1,"다은랜드 귀여운 곰돌이 키링 베어 열쇠고리 차키링 스트랩형 키홀더, 그린, 1개","16,800원","8,740원","8,740원",,도착 보장,N,,437원,,https://www.coupang.com/vp/products/9122187053?itemId=26833472203&vendorItemId=86546370201&q=키링&searchId=b22f0b5e2211486&sourceType=search&itemsCount=36&searchRank=1&rank=1,
키링,2,버블리데이 소풍가는 갸우뚱 오리 키링,,"3,240원","3,240원",,도착 보장,Y,,162원,,https://www.coupang.com/vp/products/6869190251?itemId=16427144336&vendorItemId=90131748924&pickType=COU_PICK&q=키링&searchId=b22f0b5e2211486&sourceType=search&itemsCount=36&searchRank=2&rank=2,
키링,3,"다다랜드 깜냥 고양이 인형 키링, 9cm, 블랙, 1개",,"2,500원","2,500원",,도착 보장,Y,,125원,,https://www.coupang.com/vp/products/8640180089?itemId=25073328454&vendorItemId=92077358567&q=키링&searchId=b22f0b5e2211486&sourceType=search&itemsCount=36&searchRank=3&rank=3,
키링,,"제이엠제이 행운을 부르는 키링 열쇠고리, 블랙&블랙, 1개","27,900원","12,900원","12,900원",,도착 보장,N,,645원,품절임박,https://www.coupang.com/vp/products/8501314431?itemId=24609416135&vendorItemId=91620849840&sourceType=srp_product_ads&clickEventId=686f2940-bf80-11f0-8ed6-737f0e8d471d&korePlacement=15&koreSubPlacement=5&clickEventId=686f2940-bf80-11f0-8ed6-737f0e8d471d&korePlacement=15&koreSubPlacement=5,
키링,,"1+1 스마트키 가죽 케이스 세트 자동차 차 키 홀더 레더 지갑 스마트 차키 자동차키 키홀더 키케이스 링 열쇠 고리 키링 차키링 키지갑, A세트, 1세트, R99830A","16,100원","9,870원","9,870원",,도착 보장,N,,494원,,https://www.coupang.com/vp/products/7944873529?itemId=21901030694&vendorItemId=88949057870&sourceType=srp_product_ads&clickEventId=686f2940-bf80-11f0-bf23-36b426ef57eb&korePlacement=15&koreSubPlacement=6&clickEventId=686f2940-bf80-11f0-bf23-36b426ef57eb&korePlacement=15&koreSubPlacement=6,
키링,4,"귀염뽀짝 디저트 랜덤 키링 24개(박스) 홀더 가방 열쇠 고리 친구 단체 선물, 1세트, 6종 랜덤 24개","36,000원","27,000원","27,000원",,도착 보장,Y,,"1,350원",,https://www.coupang.com/vp/products/8904728474?itemId=26006083072&vendorItemId=92988116601&q=키링&searchId=b22f0b5e2211486&sourceType=search&itemsCount=36&searchRank=6&rank=6,
키링,5,"애니버니 랜덤 아크릴 키 링 36개(박스) 홀더 핸드폰 가방 열쇠 고리 친구 단체 선물, 1세트","36,000원","25,380원","25,380원",,도착 보장,Y,,"1,269원",,https://www.coupang.com/vp/products/8522456825?itemId=24673933066&vendorItemId=91684133988&q=키링&searchId=b22f0b5e2211486&sourceType=search&itemsCount=36&searchRank=7&rank=7,
키링,,"리빙준 체인 키링고리, 골드, 50개","25,000원",271원,271원,,도착 보장,N,,676원,,https://www.coupang.com/vp/products/7212284007?itemId=18255247017&vendorItemId=86637949687&sourceType=srp_product_ads&clickEventId=686f2940-bf80-11f0-b227-967e58c775c2&korePlacement=15&koreSubPlacement=9&clickEventId=686f2940-bf80-11f0-b227-967e58c775c2&korePlacement=15&koreSubPlacement=9,
키링,6,"프리미엄 자동차 키링 키홀더 스트랩 가방 키링, 그린, 1개","17,500원","9,900원","9,900원",,도착 보장,N,,480원,,https://www.coupang.com/vp/products/8821314389?itemId=25707943795&vendorItemId=92830576097&q=키링&searchId=b22f0b5e2211486&sourceType=search&itemsCount=36&searchRank=9&rank=9,
키링,,"다다랜드 복실 토끼 인형 키링, 혼합색상, 1개",,"3,250원","3,250원",,도착 보장,Y,,163원,,https://www.coupang.com/vp/products/7458612971?itemId=19435568996&vendorItemId=86624881568&sourceType=srp_product_ads&clickEventId=686f2940-bf80-11f0-ae6c-2f7fc60d3c19&korePlacement=15&koreSubPlacement=11&clickEventId=686f2940-bf80-11f0-ae6c-2f7fc60d3c19&korePlacement=15&koreSubPlacement=11,
키링,,"가운데손가락 스마일 귀여운키링 메탈 열쇠고리 캐릭터 키홀더 귀여운 자동차 키링 선물용 가운데손가락 스마일 키링 메탈 열쇠고리 귀여운 캐릭터 키홀더 자동차키링 커플키링 우정키링, 1개","13,000원","8,410원","8,410원",,도착 보장,N,,420원,,https://www.coupang.com/vp/products/7669923244?itemId=20457618675&vendorItemId=88382254416&sourceType=srp_product_ads&clickEventId=686f2940-bf80-11f0-b455-cc579605c23e&korePlacement=15&koreSubPlacement=12&clickEventId=686f2940-bf80-11f0-b455-cc579605c23e&korePlacement=15&koreSubPlacement=12,
키링,7,"생활양식 1+1 자동차 명품 가죽 키링 브라운, 2개","13,000원","4,400원","4,400원",,도착 예정,Y,,440원,,https://www.coupang.com/vp/products/1228382406?itemId=2220723945&vendorItemId=70218413472&q=키링&searchId=b22f0b5e2211486&sourceType=search&itemsCount=36&searchRank=12&rank=12,
키링,8,"iiGEN 몬스터 인형 키링, 7cm, 랜덤발송, 24개","48,000원","30,000원","30,000원",,도착 보장,Y,,"1,500원",,https://www.coupang.com/vp/products/8151341930?itemId=23198251859&vendorItemId=90409827183&q=키링&searchId=b22f0b5e2211486&sourceType=search&itemsCount=36&searchRank=13&rank=13,
키링,9,"패링치즈 귀여운 헬스 키링 열쇠고리, 1개, 헬스바이올렛","19,800원","9,900원","9,900원",,도착 보장,N,,495원,,https://www.coupang.com/vp/products/9021783720?itemId=26453206261&vendorItemId=93428620847&q=키링&searchId=b22f0b5e2211486&sourceType=search&itemsCount=36&searchRank=14&rank=14,
키링,10,산리오 정품 키티실버키링 실버키티 키티 키링 10cm,,"9,900원","9,900원",,도착 보장,N,,495원,,https://www.coupang.com/vp/products/9014454153?itemId=26426739400&vendorItemId=93421041579&q=키링&searchId=b22f0b5e2211486&sourceType=search&itemsCount=36&searchRank=15&rank=15,
키링,16,"유령 인형 찾기 랜덤 키링 12개(박스) 홀더 핸드폰 가방 열쇠 고리 친구 단체 선물, 1세트, 랜덤12개","36,000원","28,800원","28,800원",,도착 보장,Y,,"1,440원",,https://www.coupang.com/vp/products/8642235542?itemId=25080856374&vendorItemId=92084758101&q=키링&searchId=b22f0b5e2211486&sourceType=search&itemsCount=36&searchRank=16&rank=16,
키링,17,"핑구 보따리 스탠딩 인형 가방고리, 10cm, 블랙, 1개","8,000원","7,200원","7,200원",,도착 보장,Y,,360원,,https://www.coupang.com/vp/products/8659897074?itemId=25135386869&vendorItemId=93041854518&q=키링&searchId=b22f0b5e2211486&sourceType=search&itemsCount=36&searchRank=17&rank=17,
키링,18,"산리오 키체인 펜던트 악세사리 여자친구 선물 6종 세트, 1세트, 혼합","15,000원","9,700원","9,700원",,도착 보장,N,,485원,,https://www.coupang.com/vp/products/8943271714?itemId=26156927347&vendorItemId=93136823664&q=키링&searchId=b22f0b5e2211486&sourceType=search&itemsCount=36&searchRank=18&rank=18,
키링,19,"리틀버니 랜덤 키링 18개(박스) 키홀더 다이어리 핸드폰 가방 열쇠 고리 친구 단체 선물, 1세트, 박스","36,000원","27,350원","27,350원",,도착 보장,Y,,"1,368원",,https://www.coupang.com/vp/products/8390294446?itemId=24252794744&vendorItemId=91269662510&q=키링&searchId=b22f0b5e2211486&sourceType=search&itemsCount=36&searchRank=19&rank=19,
키링,,"심플 프리미엄 스웨이드 가죽 키링 키홀더, 네이비","13,900원","6,900원","6,900원",,도착 보장,N,,345원,,https://www.coupang.com/vp/products/8562708293?itemId=24798845088&vendorItemId=91811024090&sourceType=srp_product_ads&clickEventId=686f2940-bf80-11f0-b1c4-37d28776e1d7&korePlacement=15&koreSubPlacement=21&clickEventId=686f2940-bf80-11f0-b1c4-37d28776e1d7&korePlacement=15&koreSubPlacement=21,
키링,,"Sparxio 마메치 굿즈 인형 키링 다마고치 열쇠고리, 4개","18,500원","2,375원","2,375원",,도착 보장,N,,475원,,https://www.coupang.com/vp/products/9084510512?itemId=26691088541&vendorItemId=93663094478&sourceType=srp_product_ads&clickEventId=686f5050-bf80-11f0-8f97-be54f7ea2b61&korePlacement=15&koreSubPlacement=22&clickEventId=686f5050-bf80-11f0-8f97-be54f7ea2b61&korePlacement=15&koreSubPlacement=22,
키링,22,"캐치티니핑 티니핑 페이스 봉제 키링, 8cm, 랜덤발송, 1개","7,500원","5,630원","5,630원",,도착 보장,Y,,281원,,https://www.coupang.com/vp/products/9015825078?itemId=26430974817&vendorItemId=93416587232&q=키링&searchId=b22f0b5e2211486&sourceType=search&itemsCount=36&searchRank=22&rank=22,
키링,23,"주문제작 주차번호판키링 열쇠고리 스마트키홀더 자동차키링 키홀더, 개별디자인, 도담체, 기본패키지","9,860원","7,020원","7,020원",,도착 예정,Y,,351원,,https://www.coupang.com/vp/products/7298044393?itemId=18668397928&vendorItemId=85802807717&q=키링&searchId=b22f0b5e2211486&sourceType=search&itemsCount=36&searchRank=23&rank=23,
키링,24,(정품) 멜빵 그로밋 인형 키링,,"17,500원","17,500원",,도착 보장,N,,875원,,https://www.coupang.com/vp/products/8322537167?itemId=24023008160&vendorItemId=92000361396&q=키링&searchId=b22f0b5e2211486&sourceType=search&itemsCount=36&searchRank=24&rank=24,
키링,25,"도림 후드 곰돌이 키링 2p, 1세트, 블랙+브라운","19,900원","9,900원","9,900원",,도착 보장,N,,495원,,https://www.coupang.com/vp/products/7420572245?itemId=19248200862&vendorItemId=86364015487&q=키링&searchId=b22f0b5e2211486&sourceType=search&itemsCount=36&searchRank=25&rank=25,
키링,26,"냥냥 랜덤 아크릴 키링-60EA, 랜덤 발송, 1박스",,"42,000원","42,000원",,도착 예정,Y,,"2,100원",,https://www.coupang.com/vp/products/7012719582?itemId=17144500687&vendorItemId=84317295817&q=키링&searchId=b22f0b5e2211486&sourceType=search&itemsCount=36&searchRank=26&rank=26,
키링,27,아워리빙 인형 열쇠고리 캐릭터 키링 1+1,"9,400원","4,650원","4,650원",,도착 예정,Y,,233원,,https://www.coupang.com/vp/products/8308571298?itemId=23972678981&vendorItemId=90994018281&q=키링&searchId=b22f0b5e2211486&sourceType=search&itemsCount=36&searchRank=27&rank=27,
키링,28,"공식정품 월레스와 그로밋 미니 키링 인형 - 12cm, 1개","15,000원","7,660원","7,660원",,도착 보장,N,,379원,,https://www.coupang.com/vp/products/8083045805?itemId=22799782546&vendorItemId=89834708873&q=키링&searchId=b22f0b5e2211486&sourceType=search&itemsCount=36&searchRank=28&rank=28,
키링,29,"PKFARM 네잎클로버 행운키링 열쇠고리 키홀더, 단품, 2세트","14,670원","3,300원","3,300원",,도착 보장,N,,330원,,https://www.coupang.com/vp/products/8291595623?itemId=23913120076&vendorItemId=91355544536&q=키링&searchId=b22f0b5e2211486&sourceType=search&itemsCount=36&searchRank=29&rank=29,
키링,30,"기분좋은날 귀여운 강아지 해피달 키링, 기본, 2개","10,000원","2,970원","2,970원",,도착 보장,N,,297원,,https://www.coupang.com/vp/products/8758450703?itemId=25465475168&vendorItemId=92345366396&q=키링&searchId=b22f0b5e2211486&sourceType=search&itemsCount=36&searchRank=30&rank=30,
키링,31,[공식정품] 와사비베어 (브라운) 키링 8cm 브라운베어,,"10,800원","10,800원",,도착 보장,N,,540원,,https://www.coupang.com/vp/products/9125583507?itemId=26846331884&vendorItemId=93821797791&q=키링&searchId=b22f0b5e2211486&sourceType=search&itemsCount=36&searchRank=31&rank=31,
키링,32,"고급 가죽 키링 러블리 자동차 열쇠고리 가방키홀더 슬림소녀 Key chain, 화이트+그린, 2세트","93,600원","6,055원","6,055원",,도착 보장,N,,605원,,https://www.coupang.com/vp/products/7691925881?itemId=21611966338&vendorItemId=88675556461&q=키링&searchId=b22f0b5e2211486&sourceType=search&itemsCount=36&searchRank=32&rank=32,
키링,33,"키링 마스코트 봉제인형, 8.5cm, 티라노, 1개",,"6,220원","6,220원",,도착 보장,Y,,311원,,https://www.coupang.com/vp/products/7746589341?itemId=20855198572&vendorItemId=87922699495&q=키링&searchId=b22f0b5e2211486&sourceType=search&itemsCount=36&searchRank=33&rank=33,
키링,34,"아이끌레 라이스 버섯 꼬치 인형 키링 3종 세트, 6cm, 주먹밥, 버섯꼬치, 베이비캣, 1세트",,"4,900원","4,900원",,,N,,,품절,https://www.coupang.com/vp/products/9023873186?itemId=26461076961&vendorItemId=93436380140&q=키링&searchId=b22f0b5e2211486&sourceType=search&itemsCount=36&searchRank=34&rank=34,
키링,,"심플 프리미엄 스웨이드 가죽 키링 키홀더, 베이지","13,900원","5,900원","5,900원",,도착 보장,N,,295원,,https://www.coupang.com/vp/products/8562708293?itemId=24798845082&vendorItemId=91811024106&sourceType=srp_product_ads&clickEventId=686f5050-bf80-11f0-9dc6-3afa1dcbee8e&korePlacement=15&koreSubPlacement=37&clickEventId=686f5050-bf80-11f0-9dc6-3afa1dcbee8e&korePlacement=15&koreSubPlacement=37,
장우산,,파밀로 남녀공용 파스텔 16K 튼튼한 자동 장우산,"22,300원","8,900원","8,900원",로켓배송,도착 보장,Y,,445원,,https://www.coupang.com/vp/products/6568185625?itemId=14733408372&vendorItemId=81973965327&sourceType=srp_product_ads&clickEventId=75fa4360-bf80-11f0-b61e-9b074eb2597d&korePlacement=15&koreSubPlacement=1&clickEventId=75fa4360-bf80-11f0-b61e-9b074eb2597d&korePlacement=15&koreSubPlacement=1,
장우산,1,지브라 75사이즈 자외선 차단 대형 골프 장우산,"21,800원","10,900원","10,900원",로켓배송,도착 보장,Y,,545원,,https://www.coupang.com/vp/products/1890351069?itemId=3211973019&vendorItemId=71199300491&pickType=COU_PICK&q=장우산&searchId=089f1ea42848947&sourceType=search&itemsCount=36&searchRank=1&rank=1,
장우산,2,공유 소프트 16K 튼튼한 자동 대형 장우산,"17,800원","8,900원","8,900원",로켓배송,도착 보장,Y,,445원,,https://www.coupang.com/vp/products/8643052739?itemId=25084542073&vendorItemId=92135795370&q=장우산&searchId=089f1ea42848947&sourceType=search&itemsCount=36&searchRank=2&rank=2,
장우산,3,WEEVE 프리미엄 고급 대형 장우산 24k,"30,900원","13,900원","13,900원",로켓배송,도착 보장,Y,,695원,,https://www.coupang.com/vp/products/6572722541?itemId=14759918487&vendorItemId=82000206085&q=장우산&searchId=089f1ea42848947&sourceType=search&itemsCount=36&searchRank=3&rank=3,
장우산,,남녀공용 심플베이직 자동 장우산,"24,900원","9,900원","9,900원",로켓배송,도착 보장,Y,,495원,,https://www.coupang.com/vp/products/1379447438?itemId=2413555977&vendorItemId=70407963932&sourceType=srp_product_ads&clickEventId=75fa6a70-bf80-11f0-8cb3-5c56e81e2a64&korePlacement=15&koreSubPlacement=5&clickEventId=75fa6a70-bf80-11f0-8cb3-5c56e81e2a64&korePlacement=15&koreSubPlacement=5,
장우산,,남녀공용 심플베이직 자동 장우산,"24,900원","9,900원","9,900원",로켓배송,도착 보장,Y,,495원,,https://www.coupang.com/vp/products/1379447438?itemId=2413555984&vendorItemId=70407964034&sourceType=srp_product_ads&clickEventId=75fa6a70-bf80-11f0-93c5-c0061ebdaa79&korePlacement=15&koreSubPlacement=6&clickEventId=75fa6a70-bf80-11f0-93c5-c0061ebdaa79&korePlacement=15&koreSubPlacement=6,
장우산,4,1+1 델리안 고급 튼튼한 방수 자동 장우산,"25,000원","10,000원","10,000원",,도착 예정,Y,,500원,,https://www.coupang.com/vp/products/8131228269?itemId=25382055282&vendorItemId=92475562462&q=장우산&searchId=089f1ea42848947&sourceType=search&itemsCount=36&searchRank=6&rank=6,
장우산,5,미치코런던 60우드 장우산 046,"34,000원","13,600원","13,600원",로켓배송,도착 보장,Y,,680원,,https://www.coupang.com/vp/products/6429693954?itemId=13870712862&vendorItemId=81120589922&q=장우산&searchId=089f1ea42848947&sourceType=search&itemsCount=36&searchRank=7&rank=7,
장우산,,공유 소프트 16K 튼튼한 자동 대형 장우산,"17,800원","8,900원","8,900원",로켓배송,도착 보장,Y,,445원,,https://www.coupang.com/vp/products/8643052739?itemId=25084542069&vendorItemId=92135795340&sourceType=srp_product_ads&clickEventId=75fa6a70-bf80-11f0-9651-db7b1e94d9ba&korePlacement=15&koreSubPlacement=9&clickEventId=75fa6a70-bf80-11f0-9651-db7b1e94d9ba&korePlacement=15&koreSubPlacement=9,
장우산,6,로에드 1+1 튼튼한 대형 장우산 태풍 골프 우산 커버 포함,"35,300원","16,900원","16,900원",,도착 예정,Y,,845원,,https://www.coupang.com/vp/products/7821547612?itemId=25043163625&vendorItemId=92047746274&q=장우산&searchId=089f1ea42848947&sourceType=search&itemsCount=36&searchRank=9&rank=9,
장우산,7,남녀공용 심플베이직 자동 장우산,"24,900원","9,900원","9,900원",로켓배송,도착 보장,Y,,495원,,https://www.coupang.com/vp/products/1379447438?itemId=2413555984&vendorItemId=70407964034&q=장우산&searchId=089f1ea42848947&sourceType=search&itemsCount=36&searchRank=10&rank=10,
장우산,8,공유 파스텔 16K 튼튼한 자동 대형 장우산,"20,100원","9,900원","9,900원",로켓배송,도착 보장,Y,,495원,,https://www.coupang.com/vp/products/7201094704?itemId=18202699954&vendorItemId=85351106998&q=장우산&searchId=089f1ea42848947&sourceType=search&itemsCount=36&searchRank=11&rank=11,
장우산,9,파밀로 남녀공용 파스텔 16K 튼튼한 자동 장우산,"21,800원","8,900원","8,900원",로켓배송,도착 보장,Y,,445원,,https://www.coupang.com/vp/products/6568185625?itemId=14733408365&vendorItemId=81973965183&q=장우산&searchId=089f1ea42848947&sourceType=search&itemsCount=36&searchRank=12&rank=12,
장우산,10,카카오프렌즈 58 아이콘패턴 장우산,"25,000원","13,800원","13,800원",판매자배송,도착 보장,N,,690원,,https://www.coupang.com/vp/products/9131513639?itemId=26869470929&vendorItemId=93839080420&q=장우산&searchId=089f1ea42848947&sourceType=search&itemsCount=36&searchRank=13&rank=13,
장우산,14,1+1 프리미엄 150cm 초대형 우산 빅사이즈 골프우산,"48,900원","21,900원","21,900원",,도착 예정,Y,,"1,095원",,https://www.coupang.com/vp/products/8204484468?itemId=23529488700&vendorItemId=90555801936&q=장우산&searchId=089f1ea42848947&sourceType=search&itemsCount=36&searchRank=14&rank=14,
장우산,15,솔리드 장우산 NL2,,"6,140원","6,140원",로켓배송,도착 보장,Y,,307원,,https://www.coupang.com/vp/products/8682015440?itemId=25203142620&vendorItemId=92219145863&q=장우산&searchId=089f1ea42848947&sourceType=search&itemsCount=36&searchRank=15&rank=15,
장우산,16,코멧 베이직 자동 장우산,"11,990원","8,690원","8,690원",로켓배송,도착 보장,Y,,435원,,https://www.coupang.com/vp/products/6304672048?itemId=13055147860&vendorItemId=80317852677&q=장우산&searchId=089f1ea42848947&sourceType=search&itemsCount=36&searchRank=16&rank=16,
장우산,17,크로커다일 의전 골프 튼튼한 대형 장우산,"25,900원","14,900원","14,900원",판매자배송,도착 보장,N,,745원,,https://www.coupang.com/vp/products/8773662891?itemId=25522385086&vendorItemId=92469249348&q=장우산&searchId=089f1ea42848947&sourceType=search&itemsCount=36&searchRank=17&rank=17,
장우산,18,[염셀러제안샵] 대형 자동 장우산 레드브라운 완전자동장우산,"18,200원","3,000원","3,000원",,도착 예정,Y,,725원,,https://www.coupang.com/vp/products/9165224827?itemId=27003451368&vendorItemId=93972151247&q=장우산&searchId=089f1ea42848947&sourceType=search&itemsCount=36&searchRank=18&rank=18,
장우산,,드쇼퍼 튼튼한 파스텔 장우산 양산,"27,600원","12,700원","12,700원",판매자배송,도착 보장,N,,635원,,https://www.coupang.com/vp/products/8151017195?itemId=23196848275&vendorItemId=90229477879&sourceType=srp_product_ads&clickEventId=75fa6a70-bf80-11f0-a291-6b562bd4ec83&korePlacement=15&koreSubPlacement=20&clickEventId=75fa6a70-bf80-11f0-a291-6b562bd4ec83&korePlacement=15&koreSubPlacement=20,
장우산,,아일루미 튼튼한 물받이 우산 빗물받이 캡커버,"70,000원","16,800원","16,800원",,도착 보장,Y,,840원,,https://www.coupang.com/vp/products/8669502359?itemId=25165645784&vendorItemId=92153319401&sourceType=srp_product_ads&clickEventId=75fa6a70-bf80-11f0-90f1-d4c9f44cb63d&korePlacement=15&koreSubPlacement=21&clickEventId=75fa6a70-bf80-11f0-90f1-d4c9f44cb63d&korePlacement=15&koreSubPlacement=21,
장우산,21,크로커다일 베이직 장우산 3개 세트,"44,700원","19,980원","19,980원",판매자배송,도착 보장,Y,,999원,,https://www.coupang.com/vp/products/8868870366?itemId=25871333564&vendorItemId=92857481735&q=장우산&searchId=089f1ea42848947&sourceType=search&itemsCount=36&searchRank=21&rank=21,
장우산,,일상가 24K 강풍 태풍 바람에강한 튼튼한 고급형 자동 대형 장우산,"80,000원","21,850원","21,850원",판매자배송,도착 보장,Y,,"1,093원",,https://www.coupang.com/vp/products/8582026511?itemId=24875934245&vendorItemId=91882776824&sourceType=srp_product_ads&clickEventId=75fa6a70-bf80-11f0-86aa-c1c834bc235e&korePlacement=15&koreSubPlacement=23&clickEventId=75fa6a70-bf80-11f0-86aa-c1c834bc235e&korePlacement=15&koreSubPlacement=23,
장우산,23,펠코스 장우산 튼튼한 대형 150,"50,000원","19,800원","19,800원",,도착 예정,Y,,990원,,https://www.coupang.com/vp/products/8862974240?itemId=25845895916&vendorItemId=92832420905&q=장우산&searchId=089f1ea42848947&sourceType=search&itemsCount=36&searchRank=23&rank=23,
장우산,24,"잭니클라우스 자동 스틸 폰지 골프 우산, 검정색, 1개",,"15,500원","15,500원",로켓배송,도착 보장,Y,,775원,,https://www.coupang.com/vp/products/8521855354?itemId=19270093787&vendorItemId=86385312299&q=장우산&searchId=089f1ea42848947&sourceType=search&itemsCount=36&searchRank=24&rank=24,
장우산,25,세인트스코트 헤이즈 모던 장우산 2개,"38,000원","17,480원","17,480원",판매자배송,도착 보장,N,,874원,,https://www.coupang.com/vp/products/7774164805?itemId=20996066079&vendorItemId=88060331311&q=장우산&searchId=089f1ea42848947&sourceType=search&itemsCount=36&searchRank=25&rank=25,
장우산,26,[염셀러제안샵] 대형 자동 장우산 네이비 클래식자동장우산,"18,200원","3,000원","3,000원",,도착 예정,Y,,725원,,https://www.coupang.com/vp/products/9165224873?itemId=27003451521&vendorItemId=93972151346&q=장우산&searchId=089f1ea42848947&sourceType=search&itemsCount=36&searchRank=26&rank=26,
장우산,27,코멧 베이직 자동 장우산 2p,"22,850원","15,890원","15,890원",로켓배송,도착 보장,Y,,770원,,https://www.coupang.com/vp/products/7355599561?itemId=18938797459&vendorItemId=86065332615&q=장우산&searchId=089f1ea42848947&sourceType=search&itemsCount=36&searchRank=27&rank=27,
장우산,28,[도매라인]*고급 빅사이즈장우산 150cm/골프우산/대형우산/접이식우산/2단우산/자동우산/판촉물/사은품,"10,400원","3,000원","3,000원",,도착 예정,Y,,230원,,https://www.coupang.com/vp/products/8951855868?itemId=26186668412&vendorItemId=93829797632&q=장우산&searchId=089f1ea42848947&sourceType=search&itemsCount=36&searchRank=28&rank=28,
장우산,29,바이시유 1+1 장마철 필수템 자동 원터치 우산 16살대 빗물받이 캡커버 자동 자바라 장우산,"26,900원","18,900원","18,900원",,도착 예정,Y,,945원,,https://www.coupang.com/vp/products/8791732852?itemId=25589675437&vendorItemId=92580493534&q=장우산&searchId=089f1ea42848947&sourceType=search&itemsCount=36&searchRank=29&rank=29,
장우산,30,코멧 튼튼한 16K 파스텔 장우산,"12,000원","8,390원","8,390원",로켓배송,도착 보장,Y,,420원,,https://www.coupang.com/vp/products/8641901776?itemId=25079673559&vendorItemId=92083601767&q=장우산&searchId=089f1ea42848947&sourceType=search&itemsCount=36&searchRank=30&rank=30,
장우산,31,크로커다일 60클래식 우드장우산+케이스,"24,000원","10,990원","10,990원",판매자배송,도착 보장,N,,550원,,https://www.coupang.com/vp/products/9074552896?itemId=26653477260&vendorItemId=93625970932&q=장우산&searchId=089f1ea42848947&sourceType=search&itemsCount=36&searchRank=31&rank=31,
장우산,32,올탐 장인의 손길로 만들어진 프리미엄 고급 튼튼한 장우산,"34,900원","24,500원","24,500원",판매자배송,도착 보장,Y,,"1,225원",,https://www.coupang.com/vp/products/8004414909?itemId=25383893570&vendorItemId=92377795367&q=장우산&searchId=089f1ea42848947&sourceType=search&itemsCount=36&searchRank=32&rank=32,
장우산,33,공유 소프트 16K 튼튼한 자동 대형 장우산 2종 세트,"35,600원","17,800원","17,800원",로켓배송,도착 보장,Y,,890원,,https://www.coupang.com/vp/products/8643053721?itemId=25084545131&vendorItemId=92135758305&q=장우산&searchId=089f1ea42848947&sourceType=search&itemsCount=36&searchRank=33&rank=33,
장우산,,드쇼퍼 튼튼한 파스텔 장우산 양산,"27,600원","12,700원","12,700원",판매자배송,도착 보장,N,,635원,,https://www.coupang.com/vp/products/8151017195?itemId=23196848268&vendorItemId=90229477908&sourceType=srp_product_ads&clickEventId=75fa6a70-bf80-11f0-9e2b-b95e3859bd17&korePlacement=15&koreSubPlacement=37&clickEventId=75fa6a70-bf80-11f0-9e2b-b95e3859bd17&korePlacement=15&koreSubPlacement=37,
장우산,,1+1 초경량 자동 장우산 발수코팅 곡선 손잡이,"17,500원","12,500원","12,500원",,도착 예정,Y,,625원,,https://www.coupang.com/vp/products/8966540035?itemId=26241147713&vendorItemId=93219810782&sourceType=srp_product_ads&clickEventId=75fa6a70-bf80-11f0-959e-e468723ced77&korePlacement=15&koreSubPlacement=38&clickEventId=75fa6a70-bf80-11f0-959e-e468723ced77&korePlacement=15&koreSubPlacement=38,
넥타이,,어썸옴므 성인 나비넥타이 보타이 200종,"8,900원","2,500원","2,500원",,도착 예정,Y,,225원,,https://www.coupang.com/vp/products/6344415109?itemId=13323956362&vendorItemId=80580005321&sourceType=srp_product_ads&clickEventId=7d18ecf0-bf80-11f0-9baf-eb31f101bb8d&korePlacement=15&koreSubPlacement=1&clickEventId=7d18ecf0-bf80-11f0-9baf-eb31f101bb8d&korePlacement=15&koreSubPlacement=1,
넥타이,1,네오바트 자동 넥타이,"13,800원","7,800원","7,800원",,도착 보장,Y,,390원,,https://www.coupang.com/vp/products/8916071579?itemId=26050878646&vendorItemId=93032282525&pickType=COU_PICK&q=넥타이&searchId=8051e465617969&sourceType=search&itemsCount=36&searchRank=1&rank=1,
넥타이,2,길벗 자동넥타이 3종 세트,"26,000원","10,900원","10,900원",,도착 예정,Y,,545원,,https://www.coupang.com/vp/products/8451971344?itemId=24453926603&vendorItemId=87180845088&q=넥타이&searchId=8051e465617969&sourceType=search&itemsCount=36&searchRank=2&rank=2,
넥타이,3,고급 남성 남자 결혼식 면접 졸업사진 클래식 간편한 자동 지퍼 정장 넥타이,"16,800원","15,800원","15,800원",,도착 보장,N,,790원,,https://www.coupang.com/vp/products/8412111375?itemId=24323584711&vendorItemId=91342330074&q=넥타이&searchId=8051e465617969&sourceType=search&itemsCount=36&searchRank=3&rank=3,
넥타이,,무드 13컬러 클래식 자동 넥타이 (MOL002),"19,800원","11,800원","11,800원",,도착 예정,Y,,590원,,https://www.coupang.com/vp/products/272305503?itemId=857240011&vendorItemId=5175449565&sourceType=srp_product_ads&clickEventId=7d18ecf0-bf80-11f0-a091-db60bc712404&korePlacement=15&koreSubPlacement=5&clickEventId=7d18ecf0-bf80-11f0-a091-db60bc712404&korePlacement=15&koreSubPlacement=5,
넥타이,,무드 13컬러 클래식 자동 넥타이 (MOL002),"19,800원","11,800원","11,800원",,도착 예정,Y,,590원,,https://www.coupang.com/vp/products/272305503?itemId=857240168&vendorItemId=5175449905&sourceType=srp_product_ads&clickEventId=7d18ecf0-bf80-11f0-9b66-21d8beb7bf81&korePlacement=15&koreSubPlacement=6&clickEventId=7d18ecf0-bf80-11f0-9b66-21d8beb7bf81&korePlacement=15&koreSubPlacement=6,
넥타이,4,총 2개 면접넥타이 도트넥타이 고급 원단사용,"24,200원","18,800원","18,800원",,도착 보장,N,,940원,,https://www.coupang.com/vp/products/4848684325?itemId=6274479154&vendorItemId=73570088584&q=넥타이&searchId=8051e465617969&sourceType=search&itemsCount=36&searchRank=6&rank=6,
넥타이,5,사켓 자동 남자 넥타이 2종세트,"35,000원","8,490원","8,490원",,도착 보장,N,,425원,,https://www.coupang.com/vp/products/8997868535?itemId=26364775569&vendorItemId=92371956030&q=넥타이&searchId=8051e465617969&sourceType=search&itemsCount=36&searchRank=7&rank=7,
넥타이,,네오바트 자동 넥타이,"13,800원","7,800원","7,800원",,도착 보장,Y,,390원,,https://www.coupang.com/vp/products/8916071579?itemId=26050878646&vendorItemId=93032282525&pickType=COU_PICK&sourceType=srp_product_ads&clickEventId=7d191400-bf80-11f0-9ad6-9a5cc315d0b1&korePlacement=15&koreSubPlacement=9&clickEventId=7d191400-bf80-11f0-9ad6-9a5cc315d0b1&korePlacement=15&koreSubPlacement=9,
넥타이,6,고투바이 넥타이 혼주넥타이 장례식 상가집 조문용 지퍼 자동 2종 세트 클래식 슬림 결혼,"49,900원","29,900원","29,900원",,,Y,,"1,495원",,https://www.coupang.com/vp/products/9147967041?itemId=26933836104&vendorItemId=93903042633&q=넥타이&searchId=8051e465617969&sourceType=search&itemsCount=36&searchRank=9&rank=9,
넥타이,,총 2개 면접넥타이 도트넥타이 고급 원단사용,"24,200원","18,800원","18,800원",,도착 보장,N,,940원,,https://www.coupang.com/vp/products/4848684325?itemId=6274479154&vendorItemId=73570088584&sourceType=srp_product_ads&clickEventId=7d191400-bf80-11f0-999b-4c60d505e152&korePlacement=15&koreSubPlacement=11&clickEventId=7d191400-bf80-11f0-999b-4c60d505e152&korePlacement=15&koreSubPlacement=11,
넥타이,,최신샵 프리미엄 자동 넥타이 8cm,"29,800원","16,800원","16,800원",,도착 보장,N,,840원,,https://www.coupang.com/vp/products/8006497923?itemId=22317968056&vendorItemId=89612341400&sourceType=srp_product_ads&clickEventId=7d191400-bf80-11f0-8230-1fe19a7a2322&korePlacement=15&koreSubPlacement=12&clickEventId=7d191400-bf80-11f0-8230-1fe19a7a2322&korePlacement=15&koreSubPlacement=12,
넥타이,7,최신샵 프리미엄 자동 넥타이 8cm,"29,800원","16,800원","16,800원",,도착 보장,N,,840원,,https://www.coupang.com/vp/products/8006497923?itemId=22317968060&vendorItemId=89612341524&q=넥타이&searchId=8051e465617969&sourceType=search&itemsCount=36&searchRank=12&rank=12,
넥타이,8,남자 명품 넥타이 수동 스트라이프 캐주얼 결혼식 프레피룩 정장 실크 폴로 프레피 넥타이,"39,800원","19,800원","19,800원",,도착 예정,Y,,990원,,https://www.coupang.com/vp/products/8871432935?itemId=25882879850&vendorItemId=92868867673&q=넥타이&searchId=8051e465617969&sourceType=search&itemsCount=36&searchRank=13&rank=13,
넥타이,9,고급 남성 남자 결혼식 면접 클래식 정장 넥타이 9종,,"14,900원","14,900원",,도착 보장,N,,745원,,https://www.coupang.com/vp/products/9004702348?itemId=26390280589&vendorItemId=93371284180&q=넥타이&searchId=8051e465617969&sourceType=search&itemsCount=36&searchRank=14&rank=14,
넥타이,10,[맨즈플러스] 넥타이 200종류,,"2,500원","2,500원",,도착 예정,Y,,265원,,https://www.coupang.com/vp/products/104174161?itemId=316080780&vendorItemId=3776363467&q=넥타이&searchId=8051e465617969&sourceType=search&itemsCount=36&searchRank=15&rank=15,
넥타이,16,어버너 무광 혼방 단색 넥타이 11color,"16,000원","13,500원","13,500원",,도착 보장,N,,675원,,https://www.coupang.com/vp/products/8364258868?itemId=24166144397&vendorItemId=91184535214&q=넥타이&searchId=8051e465617969&sourceType=search&itemsCount=36&searchRank=16&rank=16,
넥타이,17,마인드브릿지 남성용 슬림 넥타이 MATI00A1,"39,900원","23,900원","23,900원",,도착 보장,Y,,"1,195원",,https://www.coupang.com/vp/products/8181222300?itemId=23391277205&vendorItemId=91618325127&q=넥타이&searchId=8051e465617969&sourceType=search&itemsCount=36&searchRank=17&rank=17,
넥타이,18,엠스코프 브로치 스트라이프 수동 넥타이 MN446,,"17,900원","17,900원",,도착 보장,Y,,895원,,https://www.coupang.com/vp/products/6385436158?itemId=13585354622&vendorItemId=81264301122&q=넥타이&searchId=8051e465617969&sourceType=search&itemsCount=36&searchRank=18&rank=18,
넥타이,19,간편하고 퀄리티좋은 자동넥타이 10종,"28,000원","14,800원","14,800원",,도착 보장,N,,740원,,https://www.coupang.com/vp/products/5286286981?itemId=7585708622&vendorItemId=74876224636&q=넥타이&searchId=8051e465617969&sourceType=search&itemsCount=36&searchRank=19&rank=19,
넥타이,,무드 13컬러 클래식 수동 넥타이 (MOL001),"32,800원","16,800원","16,800원",,도착 예정,Y,,840원,,https://www.coupang.com/vp/products/272278249?itemId=857144816&vendorItemId=5175200139&sourceType=srp_product_ads&clickEventId=7d191400-bf80-11f0-b372-ca916b8a80fe&korePlacement=15&koreSubPlacement=21&clickEventId=7d191400-bf80-11f0-b372-ca916b8a80fe&korePlacement=15&koreSubPlacement=21,
넥타이,,무드 13컬러 클래식 수동 넥타이 (MOL001),"32,800원","16,800원","16,800원",,도착 예정,Y,,840원,,https://www.coupang.com/vp/products/272278249?itemId=857144863&vendorItemId=5175200291&sourceType=srp_product_ads&clickEventId=7d191400-bf80-11f0-9030-ee3374805acc&korePlacement=15&koreSubPlacement=22&clickEventId=7d191400-bf80-11f0-9030-ee3374805acc&korePlacement=15&koreSubPlacement=22,
넥타이,22,제이로이 자동 지퍼 넥타이 1+1,"16,900원","6,900원","6,900원",,도착 보장,N,,345원,,https://www.coupang.com/vp/products/8997538692?itemId=26363181277&vendorItemId=93339967205&q=넥타이&searchId=8051e465617969&sourceType=search&itemsCount=36&searchRank=22&rank=22,
넥타이,23,명품 혼주넥타이 세트 넥타이핀 증정 케이스 포장 결혼식 선물용,"50,000원","24,650원","24,650원",,도착 보장,Y,,"1,233원",,https://www.coupang.com/vp/products/7279151612?itemId=18580886860&vendorItemId=85963136558&q=넥타이&searchId=8051e465617969&sourceType=search&itemsCount=36&searchRank=23&rank=23,
넥타이,24,이지겟 남성 넥타이 3종 세트,"37,000원","25,000원","25,000원",,도착 보장,Y,,"1,250원",,https://www.coupang.com/vp/products/7837831220?itemId=21328776393&vendorItemId=92798336741&q=넥타이&searchId=8051e465617969&sourceType=search&itemsCount=36&searchRank=24&rank=24,
넥타이,25,무드 13컬러 클래식 자동 넥타이 (MOL002),"19,800원","11,800원","11,800원",,도착 예정,Y,,590원,,https://www.coupang.com/vp/products/272305503?itemId=857240131&vendorItemId=5175449827&q=넥타이&searchId=8051e465617969&sourceType=search&itemsCount=36&searchRank=25&rank=25,
넥타이,26,남자 검정 넥타이 남성 패션 수동 좁은 블랙 슬림 넥타이,"19,800원","9,800원","9,800원",,도착 예정,Y,,490원,,https://www.coupang.com/vp/products/7240685367?itemId=18396533197&vendorItemId=85539461824&q=넥타이&searchId=8051e465617969&sourceType=search&itemsCount=36&searchRank=26&rank=26,
넥타이,27,엘르 패션 코멧 넥타이,,"13,520원","13,520원",,도착 보장,Y,,676원,품절임박,https://www.coupang.com/vp/products/9023494614?itemId=26459150726&vendorItemId=93484799880&q=넥타이&searchId=8051e465617969&sourceType=search&itemsCount=36&searchRank=27&rank=27,
넥타이,28,제이유 5.5폭 슬림 울혼방 자동 넥타이 NS-1440,,"15,500원","15,500원",,도착 보장,N,,775원,,https://www.coupang.com/vp/products/8206956033?itemId=23544733181&vendorItemId=90736044812&q=넥타이&searchId=8051e465617969&sourceType=search&itemsCount=36&searchRank=28&rank=28,
넥타이,29,아펙토 남성용 혼주 패션 고급 넥타이,,"9,900원","9,900원",,도착 보장,Y,,495원,,https://www.coupang.com/vp/products/8326460707?itemId=24036865849&vendorItemId=91057181859&q=넥타이&searchId=8051e465617969&sourceType=search&itemsCount=36&searchRank=29&rank=29,
넥타이,30,클래식 넥타이 고급 하객 결혼 정장 캐주얼 자동 수동 타이,,"11,900원","11,900원",,도착 예정,Y,,595원,,https://www.coupang.com/vp/products/8718249000?itemId=25322939965&vendorItemId=92317863002&q=넥타이&searchId=8051e465617969&sourceType=search&itemsCount=36&searchRank=30&rank=30,
넥타이,31,클래식 페이즐리 시리즈 10종 수동넥타이,"25,000원","17,690원","17,690원",,도착 보장,N,,885원,,https://www.coupang.com/vp/products/5856647706?itemId=10206726114&vendorItemId=77489215539&q=넥타이&searchId=8051e465617969&sourceType=search&itemsCount=36&searchRank=31&rank=31,
넥타이,32,픽커리 남성 자동 넥타이 3종 세트,"18,190원","10,000원","10,000원",,도착 예정,Y,,500원,,https://www.coupang.com/vp/products/9117765661?itemId=26819377217&vendorItemId=93789576133&q=넥타이&searchId=8051e465617969&sourceType=search&itemsCount=36&searchRank=32&rank=32,
넥타이,33,자동 넥타이 2종 세트 MAN2-02,"26,500원","14,800원","14,800원",,도착 예정,Y,,740원,,https://www.coupang.com/vp/products/9039843645?itemId=26522621200&vendorItemId=93496947525&q=넥타이&searchId=8051e465617969&sourceType=search&itemsCount=36&searchRank=33&rank=33,
넥타이,34,네오바트 롱 슬림 넥타이,"13,000원","9,800원","9,800원",,도착 보장,Y,,465원,,https://www.coupang.com/vp/products/8924164445?itemId=26081600753&vendorItemId=93062499094&q=넥타이&searchId=8051e465617969&sourceType=search&itemsCount=36&searchRank=34&rank=34,
넥타이,,메리레이디 슬림 지퍼 자동넥타이 3컬러,"19,800원","12,900원","12,900원",,도착 보장,N,,645원,,https://www.coupang.com/vp/products/8162308578?itemId=23273389554&vendorItemId=90305697904&sourceType=srp_product_ads&clickEventId=7d191400-bf80-11f0-8df4-c3fe5121d1bf&korePlacement=15&koreSubPlacement=37&clickEventId=7d191400-bf80-11f0-8df4-c3fe5121d1bf&korePlacement=15&koreSubPlacement=37,
귀멸의칼날키링,,"귀멸의 칼날 키링 장식용 굿즈 12종 랜덤 2+1, 1개","21,900원","13,350원","13,350원",,도착 보장,N,,668원,,https://www.coupang.com/vp/products/9148141941?itemId=26934584567&vendorItemId=93919685103&sourceType=srp_product_ads&clickEventId=86ef1560-bf80-11f0-9298-a5c05100bfcc&korePlacement=15&koreSubPlacement=1&clickEventId=86ef1560-bf80-11f0-9298-a5c05100bfcc&korePlacement=15&koreSubPlacement=1,
귀멸의칼날키링,1,귀멸의 칼날 캐릭터 키링 가방고리 장식용 굿즈,"19,900원","9,290원","9,290원",,도착 보장,N,,465원,,https://www.coupang.com/vp/products/8544875779?itemId=24740988586&vendorItemId=91577523072&q=귀멸의칼날키링&searchId=8b149eed619854&sourceType=search&itemsCount=36&searchRank=1&rank=1,
귀멸의칼날키링,2,[랜덤1종] 귀멸의칼날 귀칼 귀살대 일륜도 무기 칼 랜덤 키링 열쇠고리 (데이데이),,"3,500원","3,500원",,도착 예정,N,,325원,,https://www.coupang.com/vp/products/9132066785?itemId=26872029994&vendorItemId=93841614038&q=귀멸의칼날키링&searchId=8b149eed619854&sourceType=search&itemsCount=36&searchRank=2&rank=2,
귀멸의칼날키링,3,"귀멸의칼날 빛나는 눈동자 아크릴 키링 열쇠고리, 무이치로, 1개","10,000원","7,300원","7,300원",,도착 보장,N,,365원,,https://www.coupang.com/vp/products/9081067708?itemId=26677751163&vendorItemId=93649971568&q=귀멸의칼날키링&searchId=8b149eed619854&sourceType=search&itemsCount=36&searchRank=3&rank=3,
귀멸의칼날키링,4,"일륜도 랜덤 키링 1박스(12개입) Demon Slayer 귀멸의칼날, 1박스, 혼합","36,000원","3,000원","3,000원",,도착 예정,Y,,"1,400원",,https://www.coupang.com/vp/products/9103370012?itemId=26762360247&vendorItemId=93830738340&q=귀멸의칼날키링&searchId=8b149eed619854&sourceType=search&itemsCount=36&searchRank=4&rank=4,
귀멸의칼날키링,5,^^~* 귀멸의칼날 일륜도 랜덤키링 5EA ~^^*,,"3,500원","3,500원",,도착 예정,Y,,990원,,https://www.coupang.com/vp/products/9121818631?itemId=26832014200&vendorItemId=93802079826&q=귀멸의칼날키링&searchId=8b149eed619854&sourceType=search&itemsCount=36&searchRank=5&rank=5,
귀멸의칼날키링,6,로먼 Romeon 귀멸의 칼날 카드 키링 세트 9pcs,"40,000원","25,000원","25,000원",,도착 보장,Y,,"1,250원",,https://www.coupang.com/vp/products/9021895487?itemId=26453740198&vendorItemId=93429142335&q=귀멸의칼날키링&searchId=8b149eed619854&sourceType=search&itemsCount=36&searchRank=6&rank=6,
귀멸의칼날키링,7,"오드아이 귀멸의칼날 눈동자 키링 귀살대 아크릴 양면 빛나는 눈 열쇠고리, 무이치로-세로형, 1개",,"3,990원","3,990원",,도착 예정,Y,,200원,,https://www.coupang.com/vp/products/9025601125?itemId=26538374212&vendorItemId=93678324149&q=귀멸의칼날키링&searchId=8b149eed619854&sourceType=search&itemsCount=36&searchRank=7&rank=7,
귀멸의칼날키링,8,[1+1][택1+랜덤1]귀멸의칼날 렌고쿠 탄지로 네즈코 이노스케 젠이츠 기유 무이치로 무잔 아크릴 키링 열쇠고리 18종 (데이데이),,"3,500원","3,500원",,도착 예정,N,,375원,품절임박,https://www.coupang.com/vp/products/9037516259?itemId=26514396128&vendorItemId=93488848468&q=귀멸의칼날키링&searchId=8b149eed619854&sourceType=search&itemsCount=36&searchRank=8&rank=8,
귀멸의칼날키링,9,"귀멸의 칼날 사무라이 검 키링 5P, 5개","17,900원","3,400원","3,400원",,도착 보장,N,,850원,,https://www.coupang.com/vp/products/8308573938?itemId=23972691258&vendorItemId=90994031338&q=귀멸의칼날키링&searchId=8b149eed619854&sourceType=search&itemsCount=36&searchRank=9&rank=9,
귀멸의칼날키링,10,"귀멸의칼날 빛나는 눈동자 아크릴 키링 열쇠고리, 1개","10,000원","7,300원","7,300원",,도착 보장,N,,365원,,https://www.coupang.com/vp/products/9021648873?itemId=26677751151&vendorItemId=93649971572&q=귀멸의칼날키링&searchId=8b149eed619854&sourceType=search&itemsCount=36&searchRank=10&rank=10,
귀멸의칼날키링,11,"귀멸의 칼날 키링 장식용 굿즈 12종 랜덤 2+1, 1개","21,900원","13,350원","13,350원",,도착 보장,N,,668원,,https://www.coupang.com/vp/products/9148141941?itemId=26934584567&vendorItemId=93919685103&q=귀멸의칼날키링&searchId=8b149eed619854&sourceType=search&itemsCount=36&searchRank=11&rank=11,
귀멸의칼날키링,12,"귀멸의칼날 컬렉션 키링 열쇠고리 굿즈, 5개, 랜덤",,"2,100원","2,100원",,도착 예정,Y,,525원,,https://www.coupang.com/vp/products/8315552918?itemId=23998266326&vendorItemId=93594850741&q=귀멸의칼날키링&searchId=8b149eed619854&sourceType=search&itemsCount=36&searchRank=12&rank=12,
귀멸의칼날키링,13,귀멸의칼날 미니피규어 키링 피규어키링 B,,"14,990원","14,990원",,도착 예정,Y,,750원,,https://www.coupang.com/vp/products/9130782852?itemId=26866510273&vendorItemId=93836152364&q=귀멸의칼날키링&searchId=8b149eed619854&sourceType=search&itemsCount=36&searchRank=13&rank=13,
귀멸의칼날키링,14,귀멸의 칼날 귀칼 키링 8명 세트 키홀더 열쇠고리 아크릴 굿즈 탄지로 네즈코,"28,700원","14,900원","14,900원",,도착 예정,Y,,745원,,https://www.coupang.com/vp/products/9011262630?itemId=26414756541&vendorItemId=93390776297&q=귀멸의칼날키링&searchId=8b149eed619854&sourceType=search&itemsCount=36&searchRank=14&rank=14,
귀멸의칼날키링,15,귀멸의 칼날 캐릭터 가방고리 키링,"15,900원","8,500원","8,500원",로켓직구,도착 예정,Y,,425원,,https://www.coupang.com/vp/products/9031410931?itemId=26490922323&vendorItemId=93465802894&q=귀멸의칼날키링&searchId=8b149eed619854&sourceType=search&itemsCount=36&searchRank=15&rank=15,
귀멸의칼날키링,16,"귀살대 일륜도 키링 피규어 굿즈 귀칼 칼 무기 열쇠고리, 1개, 안개 무이치로","9,900원","7,110원","7,110원",,도착 예정,Y,,355원,,https://www.coupang.com/vp/products/9091292158?itemId=26717467381&vendorItemId=93689072482&q=귀멸의칼날키링&searchId=8b149eed619854&sourceType=search&itemsCount=36&searchRank=16&rank=16,
귀멸의칼날키링,17,러블리마켓 귀멸의 칼날 아크릴 키링 8종 세트,"25,000원","14,900원","14,900원",,도착 보장,N,,745원,,https://www.coupang.com/vp/products/9095238558?itemId=26731947291&vendorItemId=93703343152&q=귀멸의칼날키링&searchId=8b149eed619854&sourceType=search&itemsCount=36&searchRank=17&rank=17,
귀멸의칼날키링,18,"귀멸의 칼날 코쵸우 탄지로 시노부 네즈코 키링 키홀더 가방고리 열쇠고리 가방장식, 1개, 히메지마 교메이 12","9,800원","5,900원","5,900원",,도착 예정,Y,,295원,,https://www.coupang.com/vp/products/8553702399?itemId=26705756834&vendorItemId=93677548079&q=귀멸의칼날키링&searchId=8b149eed619854&sourceType=search&itemsCount=36&searchRank=18&rank=18,
귀멸의칼날키링,,"귀살대 일륜도 키링 피규어 굿즈 귀칼 칼 무기 열쇠고리, 1개, 번개 젠이츠","9,900원","7,900원","7,900원",,도착 예정,Y,,395원,,https://www.coupang.com/vp/products/9091292158?itemId=26717467391&vendorItemId=93689072483&sourceType=srp_product_ads&clickEventId=86ef1560-bf80-11f0-8d76-a714a665d994&korePlacement=15&koreSubPlacement=20&clickEventId=86ef1560-bf80-11f0-8d76-a714a665d994&korePlacement=15&koreSubPlacement=20,
귀멸의칼날키링,,로먼 Romeon 귀멸의 칼날 카드 키링 세트 9pcs,"40,000원","25,000원","25,000원",,도착 보장,Y,,"1,250원",,https://www.coupang.com/vp/products/9021895487?itemId=26453740198&vendorItemId=93429142335&sourceType=srp_product_ads&clickEventId=86ef1560-bf80-11f0-882d-05cfee1722d5&korePlacement=15&koreSubPlacement=21&clickEventId=86ef1560-bf80-11f0-882d-05cfee1722d5&korePlacement=15&koreSubPlacement=21,
귀멸의칼날키링,21,"브라더유통 귀멸의 칼날 무한성편 컬렉션 키링 열쇠고리 14종 한글판 아크릴 피규어 키링, 1개, 1박스 40개",,"80,000원","80,000원",,도착 예정,Y,,"4,000원",,https://www.coupang.com/vp/products/8315552918?itemId=26869009831&vendorItemId=93838624788&q=귀멸의칼날키링&searchId=8b149eed619854&sourceType=search&itemsCount=36&searchRank=21&rank=21,
귀멸의칼날키링,,"<귀멸의 칼날> 캐릭터 아크릴 키링/키체인/열쇠고리 14종, G-003704. 귀멸의 칼날 키링14종 세트(로켓)",,"49,000원","49,000원",,도착 보장,Y,,"2,450원",품절임박,https://www.coupang.com/vp/products/9031781622?itemId=26492889791&vendorItemId=93467735473&sourceType=srp_product_ads&clickEventId=86ef1560-bf80-11f0-adbc-64cdf7735f7d&korePlacement=15&koreSubPlacement=23&clickEventId=86ef1560-bf80-11f0-adbc-64cdf7735f7d&korePlacement=15&koreSubPlacement=23,
귀멸의칼날키링,23,"귀멸의칼날 귀칼굿즈 귀살대 캐릭터 아크릴 키링 열쇠고리, 무이치로A, 1개","12,900원","8,900원","8,900원",,도착 보장,N,,445원,,https://www.coupang.com/vp/products/9099908451?itemId=26749536545&vendorItemId=93696992550&q=귀멸의칼날키링&searchId=8b149eed619854&sourceType=search&itemsCount=36&searchRank=23&rank=23,
귀멸의칼날키링,24,"<귀멸의 칼날> 캐릭터 아크릴 키링/키체인/열쇠고리 14종, G-003704. 귀멸의 칼날 키링14종 세트(로켓)",,"49,000원","49,000원",,도착 보장,Y,,"2,450원",품절임박,https://www.coupang.com/vp/products/9031781622?itemId=26492889791&vendorItemId=93467735473&q=귀멸의칼날키링&searchId=8b149eed619854&sourceType=search&itemsCount=36&searchRank=24&rank=24,
귀멸의칼날키링,25,"국내배송 13개세트 귀멸의 칼날 코쵸우 탄지로 시노부 네즈코 키링 키홀더 가방고리 열쇠고리 가방장식, 1세트, 13개",,"24,000원","24,000원",,도착 예정,Y,,"1,200원",품절임박,https://www.coupang.com/vp/products/9029729349?itemId=26485226214&vendorItemId=93460169308&q=귀멸의칼날키링&searchId=8b149eed619854&sourceType=search&itemsCount=36&searchRank=25&rank=25,
귀멸의칼날키링,26,애니매이션 피규어 캐릭터키링 백팩 가방걸이 가방키링 귀멸의칼날 키링 캐릭터 열쇠고리 [세상의모든피플],,"11,200원","11,200원",,도착 예정,Y,,560원,,https://www.coupang.com/vp/products/9004070439?itemId=26386794674&vendorItemId=93503052646&q=귀멸의칼날키링&searchId=8b149eed619854&sourceType=search&itemsCount=36&searchRank=26&rank=26,
귀멸의칼날키링,27,"귀멸의 칼날 캐릭터 키링 열쇠고리 키체인 대롱대롱 행잉SDver. 귀칼/귀살대 가방고리&장식, G-003714. 토미오카 기유",,"8,000원","8,000원",,도착 보장,N,,400원,,https://www.coupang.com/vp/products/9101341505?itemId=26755097297&vendorItemId=93726370824&q=귀멸의칼날키링&searchId=8b149eed619854&sourceType=search&itemsCount=36&searchRank=27&rank=27,
귀멸의칼날키링,28,"[국내생산] 귀멸의칼날 귀칼 일륜도 랜덤키링, 2개, 랜덤색상",,"6,000원","6,000원",,도착 보장,N,,600원,,https://www.coupang.com/vp/products/9101786999?itemId=26756725530&vendorItemId=93727675377&q=귀멸의칼날키링&searchId=8b149eed619854&sourceType=search&itemsCount=36&searchRank=28&rank=28,
귀멸의칼날키링,29,"15종 전캐릭 귀멸의칼날 일륜도 메탈 키링 귀칼 검 이노스케 무기키링 뱃지 금속 메탈참 무이치로 우즈이 텐겐 시노부 렌고쿠 젠이츠 미츠리 기유 오바나이 가방 고리 에어팟, B, 1개",,"18,960원","18,960원",,도착 예정,Y,,948원,,https://www.coupang.com/vp/products/8879610062?itemId=25871974910&vendorItemId=92858112031&q=귀멸의칼날키링&searchId=8b149eed619854&sourceType=search&itemsCount=36&searchRank=29&rank=29,
귀멸의칼날키링,30,"오드아이 귀멸의칼날 귀살대 아크릴 키링 빛나는 눈 투명 열쇠고리 세로형, 시노부-세로형, 1개",,"4,900원","4,900원",,도착 예정,Y,,245원,,https://www.coupang.com/vp/products/9089457743?itemId=26710445322&vendorItemId=93567356119&q=귀멸의칼날키링&searchId=8b149eed619854&sourceType=search&itemsCount=36&searchRank=30&rank=30,
귀멸의칼날키링,,"귀멸의 칼날 키링 컬렉션 1개랜덤 정품 한글판 아크릴 피규어 무한성편, 1개","5,000원","4,420원","4,420원",,도착 보장,N,,221원,품절임박,https://www.coupang.com/vp/products/9034194894?itemId=26501688695&vendorItemId=93477134446&sourceType=srp_product_ads&clickEventId=86ef1560-bf80-11f0-8721-cf47cc3ce2c8&korePlacement=15&koreSubPlacement=37&clickEventId=86ef1560-bf80-11f0-8721-cf47cc3ce2c8&korePlacement=15&koreSubPlacement=37,
귀멸의칼날키링,,"타무 귀멸의 칼날 키링 피규어, 1개, 탄지로","12,900원","8,010원","8,010원",,도착 보장,N,,400원,품절임박,https://www.coupang.com/vp/products/9063358165?itemId=26611670901&vendorItemId=93585961284&sourceType=srp_product_ads&clickEventId=86ef3c70-bf80-11f0-a3af-cca6bfeb93f2&korePlacement=15&koreSubPlacement=38&clickEventId=86ef3c70-bf80-11f0-a3af-cca6bfeb93f2&korePlacement=15&koreSubPlacement=38,
귀멸의칼날키링,,"귀멸의 칼날 키링 열쇠고리 키체인 13종 SD캐릭터네임ver., 1개, G-003708. 귀멸의 칼날(네임SD) 13종(로켓)",,"49,000원","49,000원",,도착 보장,Y,,"2,450원",품절임박,https://www.coupang.com/vp/products/9057583060?itemId=26563481522&vendorItemId=93537187623&sourceType=srp_product_ads&clickEventId=86ef3c70-bf80-11f0-9613-8b1135182df1&korePlacement=15&koreSubPlacement=40&clickEventId=86ef3c70-bf80-11f0-9613-8b1135182df1&korePlacement=15&koreSubPlacement=40,
귀멸의칼날키링,,"귀멸의 칼날 캐릭터 키링 열쇠고리 키체인 대롱대롱 행잉SDver. 귀칼/귀살대 가방고리&장식, G-003714. 토미오카 기유",,"8,000원","8,000원",,도착 보장,N,,400원,,https://www.coupang.com/vp/products/9101341505?itemId=26755097297&vendorItemId=93726370824&sourceType=srp_product_ads&clickEventId=86ef3c70-bf80-11f0-bb81-a07d6127e48f&korePlacement=15&koreSubPlacement=41&clickEventId=86ef3c70-bf80-11f0-bb81-a07d6127e48f&korePlacement=15&koreSubPlacement=41,
귀멸의칼날키링,,"귀멸의 칼날 캐릭터 키링 열쇠고리 키체인 대롱대롱 행잉SDver. 귀칼/귀살대 가방고리&장식, G-003712. 카마도 네즈코",,"8,000원","8,000원",,도착 보장,N,,400원,,https://www.coupang.com/vp/products/9101341505?itemId=26755097294&vendorItemId=93726370821&sourceType=srp_product_ads&clickEventId=86ef3c70-bf80-11f0-8cc9-0dc9875f9066&korePlacement=15&koreSubPlacement=43&clickEventId=86ef3c70-bf80-11f0-8cc9-0dc9875f9066&korePlacement=15&koreSubPlacement=43,
